year,holiday_id,hebrew_date,gregorian_date
1948,pesach,"ט""ו ניסן",1948-04-24
1948,pesach_7,"כ""א ניסן",1948-04-30
1948,yom_haatzmaut,ה' אייר,1948-05-13
1948,shavuot,ו' סיוון,1948-06-13
1948,rosh_hashana_1,א' תשרי,1948-10-04
1948,rosh_hashana_2,ב' תשרי,1948-10-05
1948,yom_kippur,י' תשרי,1948-10-13
1948,sukkot,"ט""ו תשרי",1948-10-18
1948,hoshana_raba,"כ""א תשרי",1948-10-24
1949,pesach,"ט""ו ניסן",1949-04-14
1949,pesach_7,"כ""א ניסן",1949-04-20
1949,yom_haatzmaut,ה' אייר,1949-05-04
1949,shavuot,ו' סיוון,1949-06-03
1949,rosh_hashana_1,א' תשרי,1949-09-24
1949,rosh_hashana_2,ב' תשרי,1949-09-25
1949,yom_kippur,י' תשרי,1949-10-03
1949,sukkot,"ט""ו תשרי",1949-10-08
1949,hoshana_raba,"כ""א תשרי",1949-10-14
1950,pesach,"ט""ו ניסן",1950-04-02
1950,pesach_7,"כ""א ניסן",1950-04-08
1950,yom_haatzmaut,ה' אייר,1950-04-20
1950,shavuot,ו' סיוון,1950-05-22
1950,rosh_hashana_1,א' תשרי,1950-09-12
1950,rosh_hashana_2,ב' תשרי,1950-09-13
1950,yom_kippur,י' תשרי,1950-09-21
1950,sukkot,"ט""ו תשרי",1950-09-26
1950,hoshana_raba,"כ""א תשרי",1950-10-02
1951,pesach,"ט""ו ניסן",1951-04-21
1951,pesach_7,"כ""א ניסן",1951-04-27
1951,yom_haatzmaut,ה' אייר,1951-05-10
1951,shavuot,ו' סיוון,1951-06-10
1951,rosh_hashana_1,א' תשרי,1951-10-01
1951,rosh_hashana_2,ב' תשרי,1951-10-02
1951,yom_kippur,י' תשרי,1951-10-10
1951,sukkot,"ט""ו תשרי",1951-10-15
1951,hoshana_raba,"כ""א תשרי",1951-10-21
1952,pesach,"ט""ו ניסן",1952-04-10
1952,pesach_7,"כ""א ניסן",1952-04-16
1952,yom_haatzmaut,ה' אייר,1952-04-30
1952,shavuot,ו' סיוון,1952-05-30
1952,rosh_hashana_1,א' תשרי,1952-09-20
1952,rosh_hashana_2,ב' תשרי,1952-09-21
1952,yom_kippur,י' תשרי,1952-09-29
1952,sukkot,"ט""ו תשרי",1952-10-04
1952,hoshana_raba,"כ""א תשרי",1952-10-10
1953,pesach,"ט""ו ניסן",1953-03-31
1953,pesach_7,"כ""א ניסן",1953-04-06
1953,yom_haatzmaut,ה' אייר,1953-04-21
1953,shavuot,ו' סיוון,1953-05-20
1953,rosh_hashana_1,א' תשרי,1953-09-10
1953,rosh_hashana_2,ב' תשרי,1953-09-11
1953,yom_kippur,י' תשרי,1953-09-19
1953,sukkot,"ט""ו תשרי",1953-09-24
1953,hoshana_raba,"כ""א תשרי",1953-09-30
1954,pesach,"ט""ו ניסן",1954-04-18
1954,pesach_7,"כ""א ניסן",1954-04-24
1954,yom_haatzmaut,ה' אייר,1954-05-06
1954,shavuot,ו' סיוון,1954-06-07
1954,rosh_hashana_1,א' תשרי,1954-09-28
1954,rosh_hashana_2,ב' תשרי,1954-09-29
1954,yom_kippur,י' תשרי,1954-10-07
1954,sukkot,"ט""ו תשרי",1954-10-12
1954,hoshana_raba,"כ""א תשרי",1954-10-18
1955,pesach,"ט""ו ניסן",1955-04-07
1955,pesach_7,"כ""א ניסן",1955-04-13
1955,yom_haatzmaut,ה' אייר,1955-04-27
1955,shavuot,ו' סיוון,1955-05-27
1955,rosh_hashana_1,א' תשרי,1955-09-17
1955,rosh_hashana_2,ב' תשרי,1955-09-18
1955,yom_kippur,י' תשרי,1955-09-26
1955,sukkot,"ט""ו תשרי",1955-10-01
1955,hoshana_raba,"כ""א תשרי",1955-10-07
1956,pesach,"ט""ו ניסן",1956-03-27
1956,pesach_7,"כ""א ניסן",1956-04-02
1956,yom_haatzmaut,ה' אייר,1956-04-17
1956,shavuot,ו' סיוון,1956-05-16
1956,rosh_hashana_1,א' תשרי,1956-09-06
1956,rosh_hashana_2,ב' תשרי,1956-09-07
1956,yom_kippur,י' תשרי,1956-09-15
1956,sukkot,"ט""ו תשרי",1956-09-20
1956,hoshana_raba,"כ""א תשרי",1956-09-26
1957,pesach,"ט""ו ניסן",1957-04-16
1957,pesach_7,"כ""א ניסן",1957-04-22
1957,yom_haatzmaut,ה' אייר,1957-05-07
1957,shavuot,ו' סיוון,1957-06-05
1957,rosh_hashana_1,א' תשרי,1957-09-26
1957,rosh_hashana_2,ב' תשרי,1957-09-27
1957,yom_kippur,י' תשרי,1957-10-05
1957,sukkot,"ט""ו תשרי",1957-10-10
1957,hoshana_raba,"כ""א תשרי",1957-10-16
1958,pesach,"ט""ו ניסן",1958-04-05
1958,pesach_7,"כ""א ניסן",1958-04-11
1958,yom_haatzmaut,ה' אייר,1958-04-24
1958,shavuot,ו' סיוון,1958-05-25
1958,rosh_hashana_1,א' תשרי,1958-09-15
1958,rosh_hashana_2,ב' תשרי,1958-09-16
1958,yom_kippur,י' תשרי,1958-09-24
1958,sukkot,"ט""ו תשרי",1958-09-29
1958,hoshana_raba,"כ""א תשרי",1958-10-05
1959,pesach,"ט""ו ניסן",1959-04-23
1959,pesach_7,"כ""א ניסן",1959-04-29
1959,yom_haatzmaut,ה' אייר,1959-05-13
1959,shavuot,ו' סיוון,1959-06-12
1959,rosh_hashana_1,א' תשרי,1959-10-03
1959,rosh_hashana_2,ב' תשרי,1959-10-04
1959,yom_kippur,י' תשרי,1959-10-12
1959,sukkot,"ט""ו תשרי",1959-10-17
1959,hoshana_raba,"כ""א תשרי",1959-10-23
1960,pesach,"ט""ו ניסן",1960-04-12
1960,pesach_7,"כ""א ניסן",1960-04-18
1960,yom_haatzmaut,ה' אייר,1960-05-03
1960,shavuot,ו' סיוון,1960-06-01
1960,rosh_hashana_1,א' תשרי,1960-09-22
1960,rosh_hashana_2,ב' תשרי,1960-09-23
1960,yom_kippur,י' תשרי,1960-10-01
1960,sukkot,"ט""ו תשרי",1960-10-06
1960,hoshana_raba,"כ""א תשרי",1960-10-12
1961,pesach,"ט""ו ניסן",1961-04-01
1961,pesach_7,"כ""א ניסן",1961-04-07
1961,yom_haatzmaut,ה' אייר,1961-04-20
1961,shavuot,ו' סיוון,1961-05-21
1961,rosh_hashana_1,א' תשרי,1961-09-11
1961,rosh_hashana_2,ב' תשרי,1961-09-12
1961,yom_kippur,י' תשרי,1961-09-20
1961,sukkot,"ט""ו תשרי",1961-09-25
1961,hoshana_raba,"כ""א תשרי",1961-10-01
1962,pesach,"ט""ו ניסן",1962-04-19
1962,pesach_7,"כ""א ניסן",1962-04-25
1962,yom_haatzmaut,ה' אייר,1962-05-09
1962,shavuot,ו' סיוון,1962-06-08
1962,rosh_hashana_1,א' תשרי,1962-09-29
1962,rosh_hashana_2,ב' תשרי,1962-09-30
1962,yom_kippur,י' תשרי,1962-10-08
1962,sukkot,"ט""ו תשרי",1962-10-13
1962,hoshana_raba,"כ""א תשרי",1962-10-19
1963,pesach,"ט""ו ניסן",1963-04-09
1963,pesach_7,"כ""א ניסן",1963-04-15
1963,yom_haatzmaut,ה' אייר,1963-04-30
1963,shavuot,ו' סיוון,1963-05-29
1963,rosh_hashana_1,א' תשרי,1963-09-19
1963,rosh_hashana_2,ב' תשרי,1963-09-20
1963,yom_kippur,י' תשרי,1963-09-28
1963,sukkot,"ט""ו תשרי",1963-10-03
1963,hoshana_raba,"כ""א תשרי",1963-10-09
1964,pesach,"ט""ו ניסן",1964-03-28
1964,pesach_7,"כ""א ניסן",1964-04-03
1964,yom_haatzmaut,ה' אייר,1964-04-16
1964,shavuot,ו' סיוון,1964-05-17
1964,rosh_hashana_1,א' תשרי,1964-09-07
1964,rosh_hashana_2,ב' תשרי,1964-09-08
1964,yom_kippur,י' תשרי,1964-09-16
1964,sukkot,"ט""ו תשרי",1964-09-21
1964,hoshana_raba,"כ""א תשרי",1964-09-27
1965,pesach,"ט""ו ניסן",1965-04-17
1965,pesach_7,"כ""א ניסן",1965-04-23
1965,yom_haatzmaut,ה' אייר,1965-05-06
1965,shavuot,ו' סיוון,1965-06-06
1965,rosh_hashana_1,א' תשרי,1965-09-27
1965,rosh_hashana_2,ב' תשרי,1965-09-28
1965,yom_kippur,י' תשרי,1965-10-06
1965,sukkot,"ט""ו תשרי",1965-10-11
1965,hoshana_raba,"כ""א תשרי",1965-10-17
1966,pesach,"ט""ו ניסן",1966-04-05
1966,pesach_7,"כ""א ניסן",1966-04-11
1966,yom_haatzmaut,ה' אייר,1966-04-26
1966,shavuot,ו' סיוון,1966-05-25
1966,rosh_hashana_1,א' תשרי,1966-09-15
1966,rosh_hashana_2,ב' תשרי,1966-09-16
1966,yom_kippur,י' תשרי,1966-09-24
1966,sukkot,"ט""ו תשרי",1966-09-29
1966,hoshana_raba,"כ""א תשרי",1966-10-05
1967,pesach,"ט""ו ניסן",1967-04-25
1967,pesach_7,"כ""א ניסן",1967-05-01
1967,yom_haatzmaut,ה' אייר,1967-05-16
1967,shavuot,ו' סיוון,1967-06-14
1967,rosh_hashana_1,א' תשרי,1967-10-05
1967,rosh_hashana_2,ב' תשרי,1967-10-06
1967,yom_kippur,י' תשרי,1967-10-14
1967,sukkot,"ט""ו תשרי",1967-10-19
1967,hoshana_raba,"כ""א תשרי",1967-10-25
1968,pesach,"ט""ו ניסן",1968-04-13
1968,pesach_7,"כ""א ניסן",1968-04-19
1968,yom_haatzmaut,ה' אייר,1968-05-02
1968,shavuot,ו' סיוון,1968-06-02
1968,rosh_hashana_1,א' תשרי,1968-09-23
1968,rosh_hashana_2,ב' תשרי,1968-09-24
1968,yom_kippur,י' תשרי,1968-10-02
1968,sukkot,"ט""ו תשרי",1968-10-07
1968,hoshana_raba,"כ""א תשרי",1968-10-13
1969,pesach,"ט""ו ניסן",1969-04-03
1969,pesach_7,"כ""א ניסן",1969-04-09
1969,yom_haatzmaut,ה' אייר,1969-04-23
1969,shavuot,ו' סיוון,1969-05-23
1969,rosh_hashana_1,א' תשרי,1969-09-13
1969,rosh_hashana_2,ב' תשרי,1969-09-14
1969,yom_kippur,י' תשרי,1969-09-22
1969,sukkot,"ט""ו תשרי",1969-09-27
1969,hoshana_raba,"כ""א תשרי",1969-10-03
1970,pesach,"ט""ו ניסן",1970-04-21
1970,pesach_7,"כ""א ניסן",1970-04-27
1970,yom_haatzmaut,ה' אייר,1970-05-12
1970,shavuot,ו' סיוון,1970-06-10
1970,rosh_hashana_1,א' תשרי,1970-10-01
1970,rosh_hashana_2,ב' תשרי,1970-10-02
1970,yom_kippur,י' תשרי,1970-10-10
1970,sukkot,"ט""ו תשרי",1970-10-15
1970,hoshana_raba,"כ""א תשרי",1970-10-21
1971,pesach,"ט""ו ניסן",1971-04-10
1971,pesach_7,"כ""א ניסן",1971-04-16
1971,yom_haatzmaut,ה' אייר,1971-04-29
1971,shavuot,ו' סיוון,1971-05-30
1971,rosh_hashana_1,א' תשרי,1971-09-20
1971,rosh_hashana_2,ב' תשרי,1971-09-21
1971,yom_kippur,י' תשרי,1971-09-29
1971,sukkot,"ט""ו תשרי",1971-10-04
1971,hoshana_raba,"כ""א תשרי",1971-10-10
1972,pesach,"ט""ו ניסן",1972-03-30
1972,pesach_7,"כ""א ניסן",1972-04-05
1972,yom_haatzmaut,ה' אייר,1972-04-19
1972,shavuot,ו' סיוון,1972-05-19
1972,rosh_hashana_1,א' תשרי,1972-09-09
1972,rosh_hashana_2,ב' תשרי,1972-09-10
1972,yom_kippur,י' תשרי,1972-09-18
1972,sukkot,"ט""ו תשרי",1972-09-23
1972,hoshana_raba,"כ""א תשרי",1972-09-29
1973,pesach,"ט""ו ניסן",1973-04-17
1973,pesach_7,"כ""א ניסן",1973-04-23
1973,yom_haatzmaut,ה' אייר,1973-05-08
1973,shavuot,ו' סיוון,1973-06-06
1973,rosh_hashana_1,א' תשרי,1973-09-27
1973,rosh_hashana_2,ב' תשרי,1973-09-28
1973,yom_kippur,י' תשרי,1973-10-06
1973,sukkot,"ט""ו תשרי",1973-10-11
1973,hoshana_raba,"כ""א תשרי",1973-10-17
1974,pesach,"ט""ו ניסן",1974-04-07
1974,pesach_7,"כ""א ניסן",1974-04-13
1974,yom_haatzmaut,ה' אייר,1974-04-25
1974,shavuot,ו' סיוון,1974-05-27
1974,rosh_hashana_1,א' תשרי,1974-09-17
1974,rosh_hashana_2,ב' תשרי,1974-09-18
1974,yom_kippur,י' תשרי,1974-09-26
1974,sukkot,"ט""ו תשרי",1974-10-01
1974,hoshana_raba,"כ""א תשרי",1974-10-07
1975,pesach,"ט""ו ניסן",1975-03-27
1975,pesach_7,"כ""א ניסן",1975-04-02
1975,yom_haatzmaut,ה' אייר,1975-04-16
1975,shavuot,ו' סיוון,1975-05-16
1975,rosh_hashana_1,א' תשרי,1975-09-06
1975,rosh_hashana_2,ב' תשרי,1975-09-07
1975,yom_kippur,י' תשרי,1975-09-15
1975,sukkot,"ט""ו תשרי",1975-09-20
1975,hoshana_raba,"כ""א תשרי",1975-09-26
1976,pesach,"ט""ו ניסן",1976-04-15
1976,pesach_7,"כ""א ניסן",1976-04-21
1976,yom_haatzmaut,ה' אייר,1976-05-05
1976,shavuot,ו' סיוון,1976-06-04
1976,rosh_hashana_1,א' תשרי,1976-09-25
1976,rosh_hashana_2,ב' תשרי,1976-09-26
1976,yom_kippur,י' תשרי,1976-10-04
1976,sukkot,"ט""ו תשרי",1976-10-09
1976,hoshana_raba,"כ""א תשרי",1976-10-15
1977,pesach,"ט""ו ניסן",1977-04-03
1977,pesach_7,"כ""א ניסן",1977-04-09
1977,yom_haatzmaut,ה' אייר,1977-04-21
1977,shavuot,ו' סיוון,1977-05-23
1977,rosh_hashana_1,א' תשרי,1977-09-13
1977,rosh_hashana_2,ב' תשרי,1977-09-14
1977,yom_kippur,י' תשרי,1977-09-22
1977,sukkot,"ט""ו תשרי",1977-09-27
1977,hoshana_raba,"כ""א תשרי",1977-10-03
1978,pesach,"ט""ו ניסן",1978-04-22
1978,pesach_7,"כ""א ניסן",1978-04-28
1978,yom_haatzmaut,ה' אייר,1978-05-11
1978,shavuot,ו' סיוון,1978-06-11
1978,rosh_hashana_1,א' תשרי,1978-10-02
1978,rosh_hashana_2,ב' תשרי,1978-10-03
1978,yom_kippur,י' תשרי,1978-10-11
1978,sukkot,"ט""ו תשרי",1978-10-16
1978,hoshana_raba,"כ""א תשרי",1978-10-22
1979,pesach,"ט""ו ניסן",1979-04-12
1979,pesach_7,"כ""א ניסן",1979-04-18
1979,yom_haatzmaut,ה' אייר,1979-05-02
1979,shavuot,ו' סיוון,1979-06-01
1979,rosh_hashana_1,א' תשרי,1979-09-22
1979,rosh_hashana_2,ב' תשרי,1979-09-23
1979,yom_kippur,י' תשרי,1979-10-01
1979,sukkot,"ט""ו תשרי",1979-10-06
1979,hoshana_raba,"כ""א תשרי",1979-10-12
1980,pesach,"ט""ו ניסן",1980-04-01
1980,pesach_7,"כ""א ניסן",1980-04-07
1980,yom_haatzmaut,ה' אייר,1980-04-22
1980,shavuot,ו' סיוון,1980-05-21
1980,rosh_hashana_1,א' תשרי,1980-09-11
1980,rosh_hashana_2,ב' תשרי,1980-09-12
1980,yom_kippur,י' תשרי,1980-09-20
1980,sukkot,"ט""ו תשרי",1980-09-25
1980,hoshana_raba,"כ""א תשרי",1980-10-01
1981,pesach,"ט""ו ניסן",1981-04-19
1981,pesach_7,"כ""א ניסן",1981-04-25
1981,yom_haatzmaut,ה' אייר,1981-05-07
1981,shavuot,ו' סיוון,1981-06-08
1981,rosh_hashana_1,א' תשרי,1981-09-29
1981,rosh_hashana_2,ב' תשרי,1981-09-30
1981,yom_kippur,י' תשרי,1981-10-08
1981,sukkot,"ט""ו תשרי",1981-10-13
1981,hoshana_raba,"כ""א תשרי",1981-10-19
1982,pesach,"ט""ו ניסן",1982-04-08
1982,pesach_7,"כ""א ניסן",1982-04-14
1982,yom_haatzmaut,ה' אייר,1982-04-28
1982,shavuot,ו' סיוון,1982-05-28
1982,rosh_hashana_1,א' תשרי,1982-09-18
1982,rosh_hashana_2,ב' תשרי,1982-09-19
1982,yom_kippur,י' תשרי,1982-09-27
1982,sukkot,"ט""ו תשרי",1982-10-02
1982,hoshana_raba,"כ""א תשרי",1982-10-08
1983,pesach,"ט""ו ניסן",1983-03-29
1983,pesach_7,"כ""א ניסן",1983-04-04
1983,yom_haatzmaut,ה' אייר,1983-04-19
1983,shavuot,ו' סיוון,1983-05-18
1983,rosh_hashana_1,א' תשרי,1983-09-08
1983,rosh_hashana_2,ב' תשרי,1983-09-09
1983,yom_kippur,י' תשרי,1983-09-17
1983,sukkot,"ט""ו תשרי",1983-09-22
1983,hoshana_raba,"כ""א תשרי",1983-09-28
1984,pesach,"ט""ו ניסן",1984-04-17
1984,pesach_7,"כ""א ניסן",1984-04-23
1984,yom_haatzmaut,ה' אייר,1984-05-08
1984,shavuot,ו' סיוון,1984-06-06
1984,rosh_hashana_1,א' תשרי,1984-09-27
1984,rosh_hashana_2,ב' תשרי,1984-09-28
1984,yom_kippur,י' תשרי,1984-10-06
1984,sukkot,"ט""ו תשרי",1984-10-11
1984,hoshana_raba,"כ""א תשרי",1984-10-17
1985,pesach,"ט""ו ניסן",1985-04-06
1985,pesach_7,"כ""א ניסן",1985-04-12
1985,yom_haatzmaut,ה' אייר,1985-04-25
1985,shavuot,ו' סיוון,1985-05-26
1985,rosh_hashana_1,א' תשרי,1985-09-16
1985,rosh_hashana_2,ב' תשרי,1985-09-17
1985,yom_kippur,י' תשרי,1985-09-25
1985,sukkot,"ט""ו תשרי",1985-09-30
1985,hoshana_raba,"כ""א תשרי",1985-10-06
1986,pesach,"ט""ו ניסן",1986-04-24
1986,pesach_7,"כ""א ניסן",1986-04-30
1986,yom_haatzmaut,ה' אייר,1986-05-14
1986,shavuot,ו' סיוון,1986-06-13
1986,rosh_hashana_1,א' תשרי,1986-10-04
1986,rosh_hashana_2,ב' תשרי,1986-10-05
1986,yom_kippur,י' תשרי,1986-10-13
1986,sukkot,"ט""ו תשרי",1986-10-18
1986,hoshana_raba,"כ""א תשרי",1986-10-24
1987,pesach,"ט""ו ניסן",1987-04-14
1987,pesach_7,"כ""א ניסן",1987-04-20
1987,yom_haatzmaut,ה' אייר,1987-05-05
1987,shavuot,ו' סיוון,1987-06-03
1987,rosh_hashana_1,א' תשרי,1987-09-24
1987,rosh_hashana_2,ב' תשרי,1987-09-25
1987,yom_kippur,י' תשרי,1987-10-03
1987,sukkot,"ט""ו תשרי",1987-10-08
1987,hoshana_raba,"כ""א תשרי",1987-10-14
1988,pesach,"ט""ו ניסן",1988-04-02
1988,pesach_7,"כ""א ניסן",1988-04-08
1988,yom_haatzmaut,ה' אייר,1988-04-21
1988,shavuot,ו' סיוון,1988-05-22
1988,rosh_hashana_1,א' תשרי,1988-09-12
1988,rosh_hashana_2,ב' תשרי,1988-09-13
1988,yom_kippur,י' תשרי,1988-09-21
1988,sukkot,"ט""ו תשרי",1988-09-26
1988,hoshana_raba,"כ""א תשרי",1988-10-02
1989,pesach,"ט""ו ניסן",1989-04-20
1989,pesach_7,"כ""א ניסן",1989-04-26
1989,yom_haatzmaut,ה' אייר,1989-05-10
1989,shavuot,ו' סיוון,1989-06-09
1989,rosh_hashana_1,א' תשרי,1989-09-30
1989,rosh_hashana_2,ב' תשרי,1989-10-01
1989,yom_kippur,י' תשרי,1989-10-09
1989,sukkot,"ט""ו תשרי",1989-10-14
1989,hoshana_raba,"כ""א תשרי",1989-10-20
1990,pesach,"ט""ו ניסן",1990-04-10
1990,pesach_7,"כ""א ניסן",1990-04-16
1990,yom_haatzmaut,ה' אייר,1990-05-01
1990,shavuot,ו' סיוון,1990-05-30
1990,rosh_hashana_1,א' תשרי,1990-09-20
1990,rosh_hashana_2,ב' תשרי,1990-09-21
1990,yom_kippur,י' תשרי,1990-09-29
1990,sukkot,"ט""ו תשרי",1990-10-04
1990,hoshana_raba,"כ""א תשרי",1990-10-10
1991,pesach,"ט""ו ניסן",1991-03-30
1991,pesach_7,"כ""א ניסן",1991-04-05
1991,yom_haatzmaut,ה' אייר,1991-04-18
1991,shavuot,ו' סיוון,1991-05-19
1991,rosh_hashana_1,א' תשרי,1991-09-09
1991,rosh_hashana_2,ב' תשרי,1991-09-10
1991,yom_kippur,י' תשרי,1991-09-18
1991,sukkot,"ט""ו תשרי",1991-09-23
1991,hoshana_raba,"כ""א תשרי",1991-09-29
1992,pesach,"ט""ו ניסן",1992-04-18
1992,pesach_7,"כ""א ניסן",1992-04-24
1992,yom_haatzmaut,ה' אייר,1992-05-07
1992,shavuot,ו' סיוון,1992-06-07
1992,rosh_hashana_1,א' תשרי,1992-09-28
1992,rosh_hashana_2,ב' תשרי,1992-09-29
1992,yom_kippur,י' תשרי,1992-10-07
1992,sukkot,"ט""ו תשרי",1992-10-12
1992,hoshana_raba,"כ""א תשרי",1992-10-18
1993,pesach,"ט""ו ניסן",1993-04-06
1993,pesach_7,"כ""א ניסן",1993-04-12
1993,yom_haatzmaut,ה' אייר,1993-04-27
1993,shavuot,ו' סיוון,1993-05-26
1993,rosh_hashana_1,א' תשרי,1993-09-16
1993,rosh_hashana_2,ב' תשרי,1993-09-17
1993,yom_kippur,י' תשרי,1993-09-25
1993,sukkot,"ט""ו תשרי",1993-09-30
1993,hoshana_raba,"כ""א תשרי",1993-10-06
1994,pesach,"ט""ו ניסן",1994-03-27
1994,pesach_7,"כ""א ניסן",1994-04-02
1994,yom_haatzmaut,ה' אייר,1994-04-14
1994,shavuot,ו' סיוון,1994-05-16
1994,rosh_hashana_1,א' תשרי,1994-09-06
1994,rosh_hashana_2,ב' תשרי,1994-09-07
1994,yom_kippur,י' תשרי,1994-09-15
1994,sukkot,"ט""ו תשרי",1994-09-20
1994,hoshana_raba,"כ""א תשרי",1994-09-26
1995,pesach,"ט""ו ניסן",1995-04-15
1995,pesach_7,"כ""א ניסן",1995-04-21
1995,yom_haatzmaut,ה' אייר,1995-05-04
1995,shavuot,ו' סיוון,1995-06-04
1995,rosh_hashana_1,א' תשרי,1995-09-25
1995,rosh_hashana_2,ב' תשרי,1995-09-26
1995,yom_kippur,י' תשרי,1995-10-04
1995,sukkot,"ט""ו תשרי",1995-10-09
1995,hoshana_raba,"כ""א תשרי",1995-10-15
1996,pesach,"ט""ו ניסן",1996-04-04
1996,pesach_7,"כ""א ניסן",1996-04-10
1996,yom_haatzmaut,ה' אייר,1996-04-24
1996,shavuot,ו' סיוון,1996-05-24
1996,rosh_hashana_1,א' תשרי,1996-09-14
1996,rosh_hashana_2,ב' תשרי,1996-09-15
1996,yom_kippur,י' תשרי,1996-09-23
1996,sukkot,"ט""ו תשרי",1996-09-28
1996,hoshana_raba,"כ""א תשרי",1996-10-04
1997,pesach,"ט""ו ניסן",1997-04-22
1997,pesach_7,"כ""א ניסן",1997-04-28
1997,yom_haatzmaut,ה' אייר,1997-05-13
1997,shavuot,ו' סיוון,1997-06-11
1997,rosh_hashana_1,א' תשרי,1997-10-02
1997,rosh_hashana_2,ב' תשרי,1997-10-03
1997,yom_kippur,י' תשרי,1997-10-11
1997,sukkot,"ט""ו תשרי",1997-10-16
1997,hoshana_raba,"כ""א תשרי",1997-10-22
1998,pesach,"ט""ו ניסן",1998-04-11
1998,pesach_7,"כ""א ניסן",1998-04-17
1998,yom_haatzmaut,ה' אייר,1998-04-30
1998,shavuot,ו' סיוון,1998-05-31
1998,rosh_hashana_1,א' תשרי,1998-09-21
1998,rosh_hashana_2,ב' תשרי,1998-09-22
1998,yom_kippur,י' תשרי,1998-09-30
1998,sukkot,"ט""ו תשרי",1998-10-05
1998,hoshana_raba,"כ""א תשרי",1998-10-11
1999,pesach,"ט""ו ניסן",1999-04-01
1999,pesach_7,"כ""א ניסן",1999-04-07
1999,yom_haatzmaut,ה' אייר,1999-04-21
1999,shavuot,ו' סיוון,1999-05-21
1999,rosh_hashana_1,א' תשרי,1999-09-11
1999,rosh_hashana_2,ב' תשרי,1999-09-12
1999,yom_kippur,י' תשרי,1999-09-20
1999,sukkot,"ט""ו תשרי",1999-09-25
1999,hoshana_raba,"כ""א תשרי",1999-10-01
2000,pesach,"ט""ו ניסן",2000-04-20
2000,pesach_7,"כ""א ניסן",2000-04-26
2000,yom_haatzmaut,ה' אייר,2000-05-10
2000,shavuot,ו' סיוון,2000-06-09
2000,rosh_hashana_1,א' תשרי,2000-09-30
2000,rosh_hashana_2,ב' תשרי,2000-10-01
2000,yom_kippur,י' תשרי,2000-10-09
2000,sukkot,"ט""ו תשרי",2000-10-14
2000,hoshana_raba,"כ""א תשרי",2000-10-20
2001,pesach,"ט""ו ניסן",2001-04-08
2001,pesach_7,"כ""א ניסן",2001-04-14
2001,yom_haatzmaut,ה' אייר,2001-04-26
2001,shavuot,ו' סיוון,2001-05-28
2001,rosh_hashana_1,א' תשרי,2001-09-18
2001,rosh_hashana_2,ב' תשרי,2001-09-19
2001,yom_kippur,י' תשרי,2001-09-27
2001,sukkot,"ט""ו תשרי",2001-10-02
2001,hoshana_raba,"כ""א תשרי",2001-10-08
2002,pesach,"ט""ו ניסן",2002-03-28
2002,pesach_7,"כ""א ניסן",2002-04-03
2002,yom_haatzmaut,ה' אייר,2002-04-17
2002,shavuot,ו' סיוון,2002-05-17
2002,rosh_hashana_1,א' תשרי,2002-09-07
2002,rosh_hashana_2,ב' תשרי,2002-09-08
2002,yom_kippur,י' תשרי,2002-09-16
2002,sukkot,"ט""ו תשרי",2002-09-21
2002,hoshana_raba,"כ""א תשרי",2002-09-27
2003,pesach,"ט""ו ניסן",2003-04-17
2003,pesach_7,"כ""א ניסן",2003-04-23
2003,yom_haatzmaut,ה' אייר,2003-05-07
2003,shavuot,ו' סיוון,2003-06-06
2003,rosh_hashana_1,א' תשרי,2003-09-27
2003,rosh_hashana_2,ב' תשרי,2003-09-28
2003,yom_kippur,י' תשרי,2003-10-06
2003,sukkot,"ט""ו תשרי",2003-10-11
2003,hoshana_raba,"כ""א תשרי",2003-10-17
2004,pesach,"ט""ו ניסן",2004-04-06
2004,pesach_7,"כ""א ניסן",2004-04-12
2004,yom_haatzmaut,ה' אייר,2004-04-27
2004,shavuot,ו' סיוון,2004-05-26
2004,rosh_hashana_1,א' תשרי,2004-09-16
2004,rosh_hashana_2,ב' תשרי,2004-09-17
2004,yom_kippur,י' תשרי,2004-09-25
2004,sukkot,"ט""ו תשרי",2004-09-30
2004,hoshana_raba,"כ""א תשרי",2004-10-06
2005,pesach,"ט""ו ניסן",2005-04-24
2005,pesach_7,"כ""א ניסן",2005-04-30
2005,yom_haatzmaut,ה' אייר,2005-05-12
2005,shavuot,ו' סיוון,2005-06-13
2005,rosh_hashana_1,א' תשרי,2005-10-04
2005,rosh_hashana_2,ב' תשרי,2005-10-05
2005,yom_kippur,י' תשרי,2005-10-13
2005,sukkot,"ט""ו תשרי",2005-10-18
2005,hoshana_raba,"כ""א תשרי",2005-10-24
2006,pesach,"ט""ו ניסן",2006-04-13
2006,pesach_7,"כ""א ניסן",2006-04-19
2006,yom_haatzmaut,ה' אייר,2006-05-03
2006,shavuot,ו' סיוון,2006-06-02
2006,rosh_hashana_1,א' תשרי,2006-09-23
2006,rosh_hashana_2,ב' תשרי,2006-09-24
2006,yom_kippur,י' תשרי,2006-10-02
2006,sukkot,"ט""ו תשרי",2006-10-07
2006,hoshana_raba,"כ""א תשרי",2006-10-13
2007,pesach,"ט""ו ניסן",2007-04-03
2007,pesach_7,"כ""א ניסן",2007-04-09
2007,yom_haatzmaut,ה' אייר,2007-04-24
2007,shavuot,ו' סיוון,2007-05-23
2007,rosh_hashana_1,א' תשרי,2007-09-13
2007,rosh_hashana_2,ב' תשרי,2007-09-14
2007,yom_kippur,י' תשרי,2007-09-22
2007,sukkot,"ט""ו תשרי",2007-09-27
2007,hoshana_raba,"כ""א תשרי",2007-10-03
2008,pesach,"ט""ו ניסן",2008-04-20
2008,pesach_7,"כ""א ניסן",2008-04-26
2008,yom_haatzmaut,ה' אייר,2008-05-08
2008,shavuot,ו' סיוון,2008-06-09
2008,rosh_hashana_1,א' תשרי,2008-09-30
2008,rosh_hashana_2,ב' תשרי,2008-10-01
2008,yom_kippur,י' תשרי,2008-10-09
2008,sukkot,"ט""ו תשרי",2008-10-14
2008,hoshana_raba,"כ""א תשרי",2008-10-20
2009,pesach,"ט""ו ניסן",2009-04-09
2009,pesach_7,"כ""א ניסן",2009-04-15
2009,yom_haatzmaut,ה' אייר,2009-04-29
2009,shavuot,ו' סיוון,2009-05-29
2009,rosh_hashana_1,א' תשרי,2009-09-19
2009,rosh_hashana_2,ב' תשרי,2009-09-20
2009,yom_kippur,י' תשרי,2009-09-28
2009,sukkot,"ט""ו תשרי",2009-10-03
2009,hoshana_raba,"כ""א תשרי",2009-10-09
2010,pesach,"ט""ו ניסן",2010-03-30
2010,pesach_7,"כ""א ניסן",2010-04-05
2010,yom_haatzmaut,ה' אייר,2010-04-20
2010,shavuot,ו' סיוון,2010-05-19
2010,rosh_hashana_1,א' תשרי,2010-09-09
2010,rosh_hashana_2,ב' תשרי,2010-09-10
2010,yom_kippur,י' תשרי,2010-09-18
2010,sukkot,"ט""ו תשרי",2010-09-23
2010,hoshana_raba,"כ""א תשרי",2010-09-29
2011,pesach,"ט""ו ניסן",2011-04-19
2011,pesach_7,"כ""א ניסן",2011-04-25
2011,yom_haatzmaut,ה' אייר,2011-05-10
2011,shavuot,ו' סיוון,2011-06-08
2011,rosh_hashana_1,א' תשרי,2011-09-29
2011,rosh_hashana_2,ב' תשרי,2011-09-30
2011,yom_kippur,י' תשרי,2011-10-08
2011,sukkot,"ט""ו תשרי",2011-10-13
2011,hoshana_raba,"כ""א תשרי",2011-10-19
2012,pesach,"ט""ו ניסן",2012-04-07
2012,pesach_7,"כ""א ניסן",2012-04-13
2012,yom_haatzmaut,ה' אייר,2012-04-26
2012,shavuot,ו' סיוון,2012-05-27
2012,rosh_hashana_1,א' תשרי,2012-09-17
2012,rosh_hashana_2,ב' תשרי,2012-09-18
2012,yom_kippur,י' תשרי,2012-09-26
2012,sukkot,"ט""ו תשרי",2012-10-01
2012,hoshana_raba,"כ""א תשרי",2012-10-07
2013,pesach,"ט""ו ניסן",2013-03-26
2013,pesach_7,"כ""א ניסן",2013-04-01
2013,yom_haatzmaut,ה' אייר,2013-04-16
2013,shavuot,ו' סיוון,2013-05-15
2013,rosh_hashana_1,א' תשרי,2013-09-05
2013,rosh_hashana_2,ב' תשרי,2013-09-06
2013,yom_kippur,י' תשרי,2013-09-14
2013,sukkot,"ט""ו תשרי",2013-09-19
2013,hoshana_raba,"כ""א תשרי",2013-09-25
2014,pesach,"ט""ו ניסן",2014-04-15
2014,pesach_7,"כ""א ניסן",2014-04-21
2014,yom_haatzmaut,ה' אייר,2014-05-06
2014,shavuot,ו' סיוון,2014-06-04
2014,rosh_hashana_1,א' תשרי,2014-09-25
2014,rosh_hashana_2,ב' תשרי,2014-09-26
2014,yom_kippur,י' תשרי,2014-10-04
2014,sukkot,"ט""ו תשרי",2014-10-09
2014,hoshana_raba,"כ""א תשרי",2014-10-15
2015,pesach,"ט""ו ניסן",2015-04-04
2015,pesach_7,"כ""א ניסן",2015-04-10
2015,yom_haatzmaut,ה' אייר,2015-04-23
2015,shavuot,ו' סיוון,2015-05-24
2015,rosh_hashana_1,א' תשרי,2015-09-14
2015,rosh_hashana_2,ב' תשרי,2015-09-15
2015,yom_kippur,י' תשרי,2015-09-23
2015,sukkot,"ט""ו תשרי",2015-09-28
2015,hoshana_raba,"כ""א תשרי",2015-10-04
2016,pesach,"ט""ו ניסן",2016-04-23
2016,pesach_7,"כ""א ניסן",2016-04-29
2016,yom_haatzmaut,ה' אייר,2016-05-12
2016,shavuot,ו' סיוון,2016-06-12
2016,rosh_hashana_1,א' תשרי,2016-10-03
2016,rosh_hashana_2,ב' תשרי,2016-10-04
2016,yom_kippur,י' תשרי,2016-10-12
2016,sukkot,"ט""ו תשרי",2016-10-17
2016,hoshana_raba,"כ""א תשרי",2016-10-23
2017,pesach,"ט""ו ניסן",2017-04-11
2017,pesach_7,"כ""א ניסן",2017-04-17
2017,yom_haatzmaut,ה' אייר,2017-05-02
2017,shavuot,ו' סיוון,2017-05-31
2017,rosh_hashana_1,א' תשרי,2017-09-21
2017,rosh_hashana_2,ב' תשרי,2017-09-22
2017,yom_kippur,י' תשרי,2017-09-30
2017,sukkot,"ט""ו תשרי",2017-10-05
2017,hoshana_raba,"כ""א תשרי",2017-10-11
2018,pesach,"ט""ו ניסן",2018-03-31
2018,pesach_7,"כ""א ניסן",2018-04-06
2018,yom_haatzmaut,ה' אייר,2018-04-19
2018,shavuot,ו' סיוון,2018-05-20
2018,rosh_hashana_1,א' תשרי,2018-09-10
2018,rosh_hashana_2,ב' תשרי,2018-09-11
2018,yom_kippur,י' תשרי,2018-09-19
2018,sukkot,"ט""ו תשרי",2018-09-24
2018,hoshana_raba,"כ""א תשרי",2018-09-30
2019,pesach,"ט""ו ניסן",2019-04-20
2019,pesach_7,"כ""א ניסן",2019-04-26
2019,yom_haatzmaut,ה' אייר,2019-05-09
2019,shavuot,ו' סיוון,2019-06-09
2019,rosh_hashana_1,א' תשרי,2019-09-30
2019,rosh_hashana_2,ב' תשרי,2019-10-01
2019,yom_kippur,י' תשרי,2019-10-09
2019,sukkot,"ט""ו תשרי",2019-10-14
2019,hoshana_raba,"כ""א תשרי",2019-10-20
2020,pesach,"ט""ו ניסן",2020-04-09
2020,pesach_7,"כ""א ניסן",2020-04-15
2020,yom_haatzmaut,ה' אייר,2020-04-29
2020,shavuot,ו' סיוון,2020-05-29
2020,rosh_hashana_1,א' תשרי,2020-09-19
2020,rosh_hashana_2,ב' תשרי,2020-09-20
2020,yom_kippur,י' תשרי,2020-09-28
2020,sukkot,"ט""ו תשרי",2020-10-03
2020,hoshana_raba,"כ""א תשרי",2020-10-09
2021,pesach,"ט""ו ניסן",2021-03-28
2021,pesach_7,"כ""א ניסן",2021-04-03
2021,yom_haatzmaut,ה' אייר,2021-04-15
2021,shavuot,ו' סיוון,2021-05-17
2021,rosh_hashana_1,א' תשרי,2021-09-07
2021,rosh_hashana_2,ב' תשרי,2021-09-08
2021,yom_kippur,י' תשרי,2021-09-16
2021,sukkot,"ט""ו תשרי",2021-09-21
2021,hoshana_raba,"כ""א תשרי",2021-09-27
2022,pesach,"ט""ו ניסן",2022-04-16
2022,pesach_7,"כ""א ניסן",2022-04-22
2022,yom_haatzmaut,ה' אייר,2022-05-05
2022,shavuot,ו' סיוון,2022-06-05
2022,rosh_hashana_1,א' תשרי,2022-09-26
2022,rosh_hashana_2,ב' תשרי,2022-09-27
2022,yom_kippur,י' תשרי,2022-10-05
2022,sukkot,"ט""ו תשרי",2022-10-10
2022,hoshana_raba,"כ""א תשרי",2022-10-16
2023,pesach,"ט""ו ניסן",2023-04-06
2023,pesach_7,"כ""א ניסן",2023-04-12
2023,yom_haatzmaut,ה' אייר,2023-04-26
2023,shavuot,ו' סיוון,2023-05-26
2023,rosh_hashana_1,א' תשרי,2023-09-16
2023,rosh_hashana_2,ב' תשרי,2023-09-17
2023,yom_kippur,י' תשרי,2023-09-25
2023,sukkot,"ט""ו תשרי",2023-09-30
2023,hoshana_raba,"כ""א תשרי",2023-10-06
2024,pesach,"ט""ו ניסן",2024-04-23
2024,pesach_7,"כ""א ניסן",2024-04-29
2024,yom_haatzmaut,ה' אייר,2024-05-14
2024,shavuot,ו' סיוון,2024-06-12
2024,rosh_hashana_1,א' תשרי,2024-10-03
2024,rosh_hashana_2,ב' תשרי,2024-10-04
2024,yom_kippur,י' תשרי,2024-10-12
2024,sukkot,"ט""ו תשרי",2024-10-17
2024,hoshana_raba,"כ""א תשרי",2024-10-23
2025,pesach,"ט""ו ניסן",2025-04-13
2025,pesach_7,"כ""א ניסן",2025-04-19
2025,yom_haatzmaut,ה' אייר,2025-05-01
2025,shavuot,ו' סיוון,2025-06-02
2025,rosh_hashana_1,א' תשרי,2025-09-23
2025,rosh_hashana_2,ב' תשרי,2025-09-24
2025,yom_kippur,י' תשרי,2025-10-02
2025,sukkot,"ט""ו תשרי",2025-10-07
2025,hoshana_raba,"כ""א תשרי",2025-10-13
2026,pesach,"ט""ו ניסן",2026-04-02
2026,pesach_7,"כ""א ניסן",2026-04-08
2026,yom_haatzmaut,ה' אייר,2026-04-22
2026,shavuot,ו' סיוון,2026-05-22
2026,rosh_hashana_1,א' תשרי,2026-09-12
2026,rosh_hashana_2,ב' תשרי,2026-09-13
2026,yom_kippur,י' תשרי,2026-09-21
2026,sukkot,"ט""ו תשרי",2026-09-26
2026,hoshana_raba,"כ""א תשרי",2026-10-02
2027,pesach,"ט""ו ניסן",2027-04-22
2027,pesach_7,"כ""א ניסן",2027-04-28
2027,yom_haatzmaut,ה' אייר,2027-05-12
2027,shavuot,ו' סיוון,2027-06-11
2027,rosh_hashana_1,א' תשרי,2027-10-02
2027,rosh_hashana_2,ב' תשרי,2027-10-03
2027,yom_kippur,י' תשרי,2027-10-11
2027,sukkot,"ט""ו תשרי",2027-10-16
2027,hoshana_raba,"כ""א תשרי",2027-10-22
2028,pesach,"ט""ו ניסן",2028-04-11
2028,pesach_7,"כ""א ניסן",2028-04-17
2028,yom_haatzmaut,ה' אייר,2028-05-02
2028,shavuot,ו' סיוון,2028-05-31
2028,rosh_hashana_1,א' תשרי,2028-09-21
2028,rosh_hashana_2,ב' תשרי,2028-09-22
2028,yom_kippur,י' תשרי,2028-09-30
2028,sukkot,"ט""ו תשרי",2028-10-05
2028,hoshana_raba,"כ""א תשרי",2028-10-11
2029,pesach,"ט""ו ניסן",2029-03-31
2029,pesach_7,"כ""א ניסן",2029-04-06
2029,yom_haatzmaut,ה' אייר,2029-04-19
2029,shavuot,ו' סיוון,2029-05-20
2029,rosh_hashana_1,א' תשרי,2029-09-10
2029,rosh_hashana_2,ב' תשרי,2029-09-11
2029,yom_kippur,י' תשרי,2029-09-19
2029,sukkot,"ט""ו תשרי",2029-09-24
2029,hoshana_raba,"כ""א תשרי",2029-09-30
2030,pesach,"ט""ו ניסן",2030-04-18
2030,pesach_7,"כ""א ניסן",2030-04-24
2030,yom_haatzmaut,ה' אייר,2030-05-08
2030,shavuot,ו' סיוון,2030-06-07
2030,rosh_hashana_1,א' תשרי,2030-09-28
2030,rosh_hashana_2,ב' תשרי,2030-09-29
2030,yom_kippur,י' תשרי,2030-10-07
2030,sukkot,"ט""ו תשרי",2030-10-12
2030,hoshana_raba,"כ""א תשרי",2030-10-18
2031,pesach,"ט""ו ניסן",2031-04-08
2031,pesach_7,"כ""א ניסן",2031-04-14
2031,yom_haatzmaut,ה' אייר,2031-04-29
2031,shavuot,ו' סיוון,2031-05-28
2031,rosh_hashana_1,א' תשרי,2031-09-18
2031,rosh_hashana_2,ב' תשרי,2031-09-19
2031,yom_kippur,י' תשרי,2031-09-27
2031,sukkot,"ט""ו תשרי",2031-10-02
2031,hoshana_raba,"כ""א תשרי",2031-10-08
2032,pesach,"ט""ו ניסן",2032-03-27
2032,pesach_7,"כ""א ניסן",2032-04-02
2032,yom_haatzmaut,ה' אייר,2032-04-15
2032,shavuot,ו' סיוון,2032-05-16
2032,rosh_hashana_1,א' תשרי,2032-09-06
2032,rosh_hashana_2,ב' תשרי,2032-09-07
2032,yom_kippur,י' תשרי,2032-09-15
2032,sukkot,"ט""ו תשרי",2032-09-20
2032,hoshana_raba,"כ""א תשרי",2032-09-26
2033,pesach,"ט""ו ניסן",2033-04-14
2033,pesach_7,"כ""א ניסן",2033-04-20
2033,yom_haatzmaut,ה' אייר,2033-05-04
2033,shavuot,ו' סיוון,2033-06-03
2033,rosh_hashana_1,א' תשרי,2033-09-24
2033,rosh_hashana_2,ב' תשרי,2033-09-25
2033,yom_kippur,י' תשרי,2033-10-03
2033,sukkot,"ט""ו תשרי",2033-10-08
2033,hoshana_raba,"כ""א תשרי",2033-10-14
2034,pesach,"ט""ו ניסן",2034-04-04
2034,pesach_7,"כ""א ניסן",2034-04-10
2034,yom_haatzmaut,ה' אייר,2034-04-25
2034,shavuot,ו' סיוון,2034-05-24
2034,rosh_hashana_1,א' תשרי,2034-09-14
2034,rosh_hashana_2,ב' תשרי,2034-09-15
2034,yom_kippur,י' תשרי,2034-09-23
2034,sukkot,"ט""ו תשרי",2034-09-28
2034,hoshana_raba,"כ""א תשרי",2034-10-04
2035,pesach,"ט""ו ניסן",2035-04-24
2035,pesach_7,"כ""א ניסן",2035-04-30
2035,yom_haatzmaut,ה' אייר,2035-05-15
2035,shavuot,ו' סיוון,2035-06-13
2035,rosh_hashana_1,א' תשרי,2035-10-04
2035,rosh_hashana_2,ב' תשרי,2035-10-05
2035,yom_kippur,י' תשרי,2035-10-13
2035,sukkot,"ט""ו תשרי",2035-10-18
2035,hoshana_raba,"כ""א תשרי",2035-10-24
2036,pesach,"ט""ו ניסן",2036-04-12
2036,pesach_7,"כ""א ניסן",2036-04-18
2036,yom_haatzmaut,ה' אייר,2036-05-01
2036,shavuot,ו' סיוון,2036-06-01
2036,rosh_hashana_1,א' תשרי,2036-09-22
2036,rosh_hashana_2,ב' תשרי,2036-09-23
2036,yom_kippur,י' תשרי,2036-10-01
2036,sukkot,"ט""ו תשרי",2036-10-06
2036,hoshana_raba,"כ""א תשרי",2036-10-12
2037,pesach,"ט""ו ניסן",2037-03-31
2037,pesach_7,"כ""א ניסן",2037-04-06
2037,yom_haatzmaut,ה' אייר,2037-04-21
2037,shavuot,ו' סיוון,2037-05-20
2037,rosh_hashana_1,א' תשרי,2037-09-10
2037,rosh_hashana_2,ב' תשרי,2037-09-11
2037,yom_kippur,י' תשרי,2037-09-19
2037,sukkot,"ט""ו תשרי",2037-09-24
2037,hoshana_raba,"כ""א תשרי",2037-09-30
2038,pesach,"ט""ו ניסן",2038-04-20
2038,pesach_7,"כ""א ניסן",2038-04-26
2038,yom_haatzmaut,ה' אייר,2038-05-11
2038,shavuot,ו' סיוון,2038-06-09
2038,rosh_hashana_1,א' תשרי,2038-09-30
2038,rosh_hashana_2,ב' תשרי,2038-10-01
2038,yom_kippur,י' תשרי,2038-10-09
2038,sukkot,"ט""ו תשרי",2038-10-14
2038,hoshana_raba,"כ""א תשרי",2038-10-20
2039,pesach,"ט""ו ניסן",2039-04-09
2039,pesach_7,"כ""א ניסן",2039-04-15
2039,yom_haatzmaut,ה' אייר,2039-04-28
2039,shavuot,ו' סיוון,2039-05-29
2039,rosh_hashana_1,א' תשרי,2039-09-19
2039,rosh_hashana_2,ב' תשרי,2039-09-20
2039,yom_kippur,י' תשרי,2039-09-28
2039,sukkot,"ט""ו תשרי",2039-10-03
2039,hoshana_raba,"כ""א תשרי",2039-10-09
2040,pesach,"ט""ו ניסן",2040-03-29
2040,pesach_7,"כ""א ניסן",2040-04-04
2040,yom_haatzmaut,ה' אייר,2040-04-18
2040,shavuot,ו' סיוון,2040-05-18
2040,rosh_hashana_1,א' תשרי,2040-09-08
2040,rosh_hashana_2,ב' תשרי,2040-09-09
2040,yom_kippur,י' תשרי,2040-09-17
2040,sukkot,"ט""ו תשרי",2040-09-22
2040,hoshana_raba,"כ""א תשרי",2040-09-28
2041,pesach,"ט""ו ניסן",2041-04-16
2041,pesach_7,"כ""א ניסן",2041-04-22
2041,yom_haatzmaut,ה' אייר,2041-05-07
2041,shavuot,ו' סיוון,2041-06-05
2041,rosh_hashana_1,א' תשרי,2041-09-26
2041,rosh_hashana_2,ב' תשרי,2041-09-27
2041,yom_kippur,י' תשרי,2041-10-05
2041,sukkot,"ט""ו תשרי",2041-10-10
2041,hoshana_raba,"כ""א תשרי",2041-10-16
2042,pesach,"ט""ו ניסן",2042-04-05
2042,pesach_7,"כ""א ניסן",2042-04-11
2042,yom_haatzmaut,ה' אייר,2042-04-24
2042,shavuot,ו' סיוון,2042-05-25
2042,rosh_hashana_1,א' תשרי,2042-09-15
2042,rosh_hashana_2,ב' תשרי,2042-09-16
2042,yom_kippur,י' תשרי,2042-09-24
2042,sukkot,"ט""ו תשרי",2042-09-29
2042,hoshana_raba,"כ""א תשרי",2042-10-05
2043,pesach,"ט""ו ניסן",2043-04-25
2043,pesach_7,"כ""א ניסן",2043-05-01
2043,yom_haatzmaut,ה' אייר,2043-05-14
2043,shavuot,ו' סיוון,2043-06-14
2043,rosh_hashana_1,א' תשרי,2043-10-05
2043,rosh_hashana_2,ב' תשרי,2043-10-06
2043,yom_kippur,י' תשרי,2043-10-14
2043,sukkot,"ט""ו תשרי",2043-10-19
2043,hoshana_raba,"כ""א תשרי",2043-10-25
2044,pesach,"ט""ו ניסן",2044-04-12
2044,pesach_7,"כ""א ניסן",2044-04-18
2044,yom_haatzmaut,ה' אייר,2044-05-03
2044,shavuot,ו' סיוון,2044-06-01
2044,rosh_hashana_1,א' תשרי,2044-09-22
2044,rosh_hashana_2,ב' תשרי,2044-09-23
2044,yom_kippur,י' תשרי,2044-10-01
2044,sukkot,"ט""ו תשרי",2044-10-06
2044,hoshana_raba,"כ""א תשרי",2044-10-12
2045,pesach,"ט""ו ניסן",2045-04-02
2045,pesach_7,"כ""א ניסן",2045-04-08
2045,yom_haatzmaut,ה' אייר,2045-04-20
2045,shavuot,ו' סיוון,2045-05-22
2045,rosh_hashana_1,א' תשרי,2045-09-12
2045,rosh_hashana_2,ב' תשרי,2045-09-13
2045,yom_kippur,י' תשרי,2045-09-21
2045,sukkot,"ט""ו תשרי",2045-09-26
2045,hoshana_raba,"כ""א תשרי",2045-10-02
2046,pesach,"ט""ו ניסן",2046-04-21
2046,pesach_7,"כ""א ניסן",2046-04-27
2046,yom_haatzmaut,ה' אייר,2046-05-10
2046,shavuot,ו' סיוון,2046-06-10
2046,rosh_hashana_1,א' תשרי,2046-10-01
2046,rosh_hashana_2,ב' תשרי,2046-10-02
2046,yom_kippur,י' תשרי,2046-10-10
2046,sukkot,"ט""ו תשרי",2046-10-15
2046,hoshana_raba,"כ""א תשרי",2046-10-21
2047,pesach,"ט""ו ניסן",2047-04-11
2047,pesach_7,"כ""א ניסן",2047-04-17
2047,yom_haatzmaut,ה' אייר,2047-05-01
2047,shavuot,ו' סיוון,2047-05-31
2047,rosh_hashana_1,א' תשרי,2047-09-21
2047,rosh_hashana_2,ב' תשרי,2047-09-22
2047,yom_kippur,י' תשרי,2047-09-30
2047,sukkot,"ט""ו תשרי",2047-10-05
2047,hoshana_raba,"כ""א תשרי",2047-10-11
2048,pesach,"ט""ו ניסן",2048-03-29
2048,pesach_7,"כ""א ניסן",2048-04-04
2048,yom_haatzmaut,ה' אייר,2048-04-16
2048,shavuot,ו' סיוון,2048-05-18
2048,rosh_hashana_1,א' תשרי,2048-09-08
2048,rosh_hashana_2,ב' תשרי,2048-09-09
2048,yom_kippur,י' תשרי,2048-09-17
2048,sukkot,"ט""ו תשרי",2048-09-22
2048,hoshana_raba,"כ""א תשרי",2048-09-28
2049,pesach,"ט""ו ניסן",2049-04-17
2049,pesach_7,"כ""א ניסן",2049-04-23
2049,yom_haatzmaut,ה' אייר,2049-05-06
2049,shavuot,ו' סיוון,2049-06-06
2049,rosh_hashana_1,א' תשרי,2049-09-27
2049,rosh_hashana_2,ב' תשרי,2049-09-28
2049,yom_kippur,י' תשרי,2049-10-06
2049,sukkot,"ט""ו תשרי",2049-10-11
2049,hoshana_raba,"כ""א תשרי",2049-10-17
2050,pesach,"ט""ו ניסן",2050-04-07
2050,pesach_7,"כ""א ניסן",2050-04-13
2050,yom_haatzmaut,ה' אייר,2050-04-27
2050,shavuot,ו' סיוון,2050-05-27
2050,rosh_hashana_1,א' תשרי,2050-09-17
2050,rosh_hashana_2,ב' תשרי,2050-09-18
2050,yom_kippur,י' תשרי,2050-09-26
2050,sukkot,"ט""ו תשרי",2050-10-01
2050,hoshana_raba,"כ""א תשרי",2050-10-07
2051,pesach,"ט""ו ניסן",2051-03-28
2051,pesach_7,"כ""א ניסן",2051-04-03
2051,yom_haatzmaut,ה' אייר,2051-04-18
2051,shavuot,ו' סיוון,2051-05-17
2051,rosh_hashana_1,א' תשרי,2051-09-07
2051,rosh_hashana_2,ב' תשרי,2051-09-08
2051,yom_kippur,י' תשרי,2051-09-16
2051,sukkot,"ט""ו תשרי",2051-09-21
2051,hoshana_raba,"כ""א תשרי",2051-09-27
2052,pesach,"ט""ו ניסן",2052-04-14
2052,pesach_7,"כ""א ניסן",2052-04-20
2052,yom_haatzmaut,ה' אייר,2052-05-02
2052,shavuot,ו' סיוון,2052-06-03
2052,rosh_hashana_1,א' תשרי,2052-09-24
2052,rosh_hashana_2,ב' תשרי,2052-09-25
2052,yom_kippur,י' תשרי,2052-10-03
2052,sukkot,"ט""ו תשרי",2052-10-08
2052,hoshana_raba,"כ""א תשרי",2052-10-14
2053,pesach,"ט""ו ניסן",2053-04-03
2053,pesach_7,"כ""א ניסן",2053-04-09
2053,yom_haatzmaut,ה' אייר,2053-04-23
2053,shavuot,ו' סיוון,2053-05-23
2053,rosh_hashana_1,א' תשרי,2053-09-13
2053,rosh_hashana_2,ב' תשרי,2053-09-14
2053,yom_kippur,י' תשרי,2053-09-22
2053,sukkot,"ט""ו תשרי",2053-09-27
2053,hoshana_raba,"כ""א תשרי",2053-10-03
2054,pesach,"ט""ו ניסן",2054-04-23
2054,pesach_7,"כ""א ניסן",2054-04-29
2054,yom_haatzmaut,ה' אייר,2054-05-13
2054,shavuot,ו' סיוון,2054-06-12
2054,rosh_hashana_1,א' תשרי,2054-10-03
2054,rosh_hashana_2,ב' תשרי,2054-10-04
2054,yom_kippur,י' תשרי,2054-10-12
2054,sukkot,"ט""ו תשרי",2054-10-17
2054,hoshana_raba,"כ""א תשרי",2054-10-23
2055,pesach,"ט""ו ניסן",2055-04-13
2055,pesach_7,"כ""א ניסן",2055-04-19
2055,yom_haatzmaut,ה' אייר,2055-05-04
2055,shavuot,ו' סיוון,2055-06-02
2055,rosh_hashana_1,א' תשרי,2055-09-23
2055,rosh_hashana_2,ב' תשרי,2055-09-24
2055,yom_kippur,י' תשרי,2055-10-02
2055,sukkot,"ט""ו תשרי",2055-10-07
2055,hoshana_raba,"כ""א תשרי",2055-10-13
2056,pesach,"ט""ו ניסן",2056-04-01
2056,pesach_7,"כ""א ניסן",2056-04-07
2056,yom_haatzmaut,ה' אייר,2056-04-20
2056,shavuot,ו' סיוון,2056-05-21
2056,rosh_hashana_1,א' תשרי,2056-09-11
2056,rosh_hashana_2,ב' תשרי,2056-09-12
2056,yom_kippur,י' תשרי,2056-09-20
2056,sukkot,"ט""ו תשרי",2056-09-25
2056,hoshana_raba,"כ""א תשרי",2056-10-01
2057,pesach,"ט""ו ניסן",2057-04-19
2057,pesach_7,"כ""א ניסן",2057-04-25
2057,yom_haatzmaut,ה' אייר,2057-05-09
2057,shavuot,ו' סיוון,2057-06-08
2057,rosh_hashana_1,א' תשרי,2057-09-29
2057,rosh_hashana_2,ב' תשרי,2057-09-30
2057,yom_kippur,י' תשרי,2057-10-08
2057,sukkot,"ט""ו תשרי",2057-10-13
2057,hoshana_raba,"כ""א תשרי",2057-10-19
2058,pesach,"ט""ו ניסן",2058-04-09
2058,pesach_7,"כ""א ניסן",2058-04-15
2058,yom_haatzmaut,ה' אייר,2058-04-30
2058,shavuot,ו' סיוון,2058-05-29
2058,rosh_hashana_1,א' תשרי,2058-09-19
2058,rosh_hashana_2,ב' תשרי,2058-09-20
2058,yom_kippur,י' תשרי,2058-09-28
2058,sukkot,"ט""ו תשרי",2058-10-03
2058,hoshana_raba,"כ""א תשרי",2058-10-09
2059,pesach,"ט""ו ניסן",2059-03-29
2059,pesach_7,"כ""א ניסן",2059-04-04
2059,yom_haatzmaut,ה' אייר,2059-04-17
2059,shavuot,ו' סיוון,2059-05-18
2059,rosh_hashana_1,א' תשרי,2059-09-08
2059,rosh_hashana_2,ב' תשרי,2059-09-09
2059,yom_kippur,י' תשרי,2059-09-17
2059,sukkot,"ט""ו תשרי",2059-09-22
2059,hoshana_raba,"כ""א תשרי",2059-09-28
2060,pesach,"ט""ו ניסן",2060-04-15
2060,pesach_7,"כ""א ניסן",2060-04-21
2060,yom_haatzmaut,ה' אייר,2060-05-05
2060,shavuot,ו' סיוון,2060-06-04
2060,rosh_hashana_1,א' תשרי,2060-09-25
2060,rosh_hashana_2,ב' תשרי,2060-09-26
2060,yom_kippur,י' תשרי,2060-10-04
2060,sukkot,"ט""ו תשרי",2060-10-09
2060,hoshana_raba,"כ""א תשרי",2060-10-15
2061,pesach,"ט""ו ניסן",2061-04-05
2061,pesach_7,"כ""א ניסן",2061-04-11
2061,yom_haatzmaut,ה' אייר,2061-04-26
2061,shavuot,ו' סיוון,2061-05-25
2061,rosh_hashana_1,א' תשרי,2061-09-15
2061,rosh_hashana_2,ב' תשרי,2061-09-16
2061,yom_kippur,י' תשרי,2061-09-24
2061,sukkot,"ט""ו תשרי",2061-09-29
2061,hoshana_raba,"כ""א תשרי",2061-10-05
2062,pesach,"ט""ו ניסן",2062-04-25
2062,pesach_7,"כ""א ניסן",2062-05-01
2062,yom_haatzmaut,ה' אייר,2062-05-16
2062,shavuot,ו' סיוון,2062-06-14
2062,rosh_hashana_1,א' תשרי,2062-10-05
2062,rosh_hashana_2,ב' תשרי,2062-10-06
2062,yom_kippur,י' תשרי,2062-10-14
2062,sukkot,"ט""ו תשרי",2062-10-19
2062,hoshana_raba,"כ""א תשרי",2062-10-25
2063,pesach,"ט""ו ניסן",2063-04-14
2063,pesach_7,"כ""א ניסן",2063-04-20
2063,yom_haatzmaut,ה' אייר,2063-05-03
2063,shavuot,ו' סיוון,2063-06-03
2063,rosh_hashana_1,א' תשרי,2063-09-24
2063,rosh_hashana_2,ב' תשרי,2063-09-25
2063,yom_kippur,י' תשרי,2063-10-03
2063,sukkot,"ט""ו תשרי",2063-10-08
2063,hoshana_raba,"כ""א תשרי",2063-10-14
2064,pesach,"ט""ו ניסן",2064-04-01
2064,pesach_7,"כ""א ניסן",2064-04-07
2064,yom_haatzmaut,ה' אייר,2064-04-22
2064,shavuot,ו' סיוון,2064-05-21
2064,rosh_hashana_1,א' תשרי,2064-09-11
2064,rosh_hashana_2,ב' תשרי,2064-09-12
2064,yom_kippur,י' תשרי,2064-09-20
2064,sukkot,"ט""ו תשרי",2064-09-25
2064,hoshana_raba,"כ""א תשרי",2064-10-01
2065,pesach,"ט""ו ניסן",2065-04-21
2065,pesach_7,"כ""א ניסן",2065-04-27
2065,yom_haatzmaut,ה' אייר,2065-05-12
2065,shavuot,ו' סיוון,2065-06-10
2065,rosh_hashana_1,א' תשרי,2065-10-01
2065,rosh_hashana_2,ב' תשרי,2065-10-02
2065,yom_kippur,י' תשרי,2065-10-10
2065,sukkot,"ט""ו תשרי",2065-10-15
2065,hoshana_raba,"כ""א תשרי",2065-10-21
2066,pesach,"ט""ו ניסן",2066-04-10
2066,pesach_7,"כ""א ניסן",2066-04-16
2066,yom_haatzmaut,ה' אייר,2066-04-29
2066,shavuot,ו' סיוון,2066-05-30
2066,rosh_hashana_1,א' תשרי,2066-09-20
2066,rosh_hashana_2,ב' תשרי,2066-09-21
2066,yom_kippur,י' תשרי,2066-09-29
2066,sukkot,"ט""ו תשרי",2066-10-04
2066,hoshana_raba,"כ""א תשרי",2066-10-10
2067,pesach,"ט""ו ניסן",2067-03-31
2067,pesach_7,"כ""א ניסן",2067-04-06
2067,yom_haatzmaut,ה' אייר,2067-04-20
2067,shavuot,ו' סיוון,2067-05-20
2067,rosh_hashana_1,א' תשרי,2067-09-10
2067,rosh_hashana_2,ב' תשרי,2067-09-11
2067,yom_kippur,י' תשרי,2067-09-19
2067,sukkot,"ט""ו תשרי",2067-09-24
2067,hoshana_raba,"כ""א תשרי",2067-09-30
2068,pesach,"ט""ו ניסן",2068-04-17
2068,pesach_7,"כ""א ניסן",2068-04-23
2068,yom_haatzmaut,ה' אייר,2068-05-08
2068,shavuot,ו' סיוון,2068-06-06
2068,rosh_hashana_1,א' תשרי,2068-09-27
2068,rosh_hashana_2,ב' תשרי,2068-09-28
2068,yom_kippur,י' תשרי,2068-10-06
2068,sukkot,"ט""ו תשרי",2068-10-11
2068,hoshana_raba,"כ""א תשרי",2068-10-17
2069,pesach,"ט""ו ניסן",2069-04-06
2069,pesach_7,"כ""א ניסן",2069-04-12
2069,yom_haatzmaut,ה' אייר,2069-04-25
2069,shavuot,ו' סיוון,2069-05-26
2069,rosh_hashana_1,א' תשרי,2069-09-16
2069,rosh_hashana_2,ב' תשרי,2069-09-17
2069,yom_kippur,י' תשרי,2069-09-25
2069,sukkot,"ט""ו תשרי",2069-09-30
2069,hoshana_raba,"כ""א תשרי",2069-10-06
2070,pesach,"ט""ו ניסן",2070-03-27
2070,pesach_7,"כ""א ניסן",2070-04-02
2070,yom_haatzmaut,ה' אייר,2070-04-16
2070,shavuot,ו' סיוון,2070-05-16
2070,rosh_hashana_1,א' תשרי,2070-09-06
2070,rosh_hashana_2,ב' תשרי,2070-09-07
2070,yom_kippur,י' תשרי,2070-09-15
2070,sukkot,"ט""ו תשרי",2070-09-20
2070,hoshana_raba,"כ""א תשרי",2070-09-26
2071,pesach,"ט""ו ניסן",2071-04-14
2071,pesach_7,"כ""א ניסן",2071-04-20
2071,yom_haatzmaut,ה' אייר,2071-05-05
2071,shavuot,ו' סיוון,2071-06-03
2071,rosh_hashana_1,א' תשרי,2071-09-24
2071,rosh_hashana_2,ב' תשרי,2071-09-25
2071,yom_kippur,י' תשרי,2071-10-03
2071,sukkot,"ט""ו תשרי",2071-10-08
2071,hoshana_raba,"כ""א תשרי",2071-10-14
2072,pesach,"ט""ו ניסן",2072-04-03
2072,pesach_7,"כ""א ניסן",2072-04-09
2072,yom_haatzmaut,ה' אייר,2072-04-21
2072,shavuot,ו' סיוון,2072-05-23
2072,rosh_hashana_1,א' תשרי,2072-09-13
2072,rosh_hashana_2,ב' תשרי,2072-09-14
2072,yom_kippur,י' תשרי,2072-09-22
2072,sukkot,"ט""ו תשרי",2072-09-27
2072,hoshana_raba,"כ""א תשרי",2072-10-03
2073,pesach,"ט""ו ניסן",2073-04-22
2073,pesach_7,"כ""א ניסן",2073-04-28
2073,yom_haatzmaut,ה' אייר,2073-05-11
2073,shavuot,ו' סיוון,2073-06-11
2073,rosh_hashana_1,א' תשרי,2073-10-02
2073,rosh_hashana_2,ב' תשרי,2073-10-03
2073,yom_kippur,י' תשרי,2073-10-11
2073,sukkot,"ט""ו תשרי",2073-10-16
2073,hoshana_raba,"כ""א תשרי",2073-10-22
2074,pesach,"ט""ו ניסן",2074-04-12
2074,pesach_7,"כ""א ניסן",2074-04-18
2074,yom_haatzmaut,ה' אייר,2074-05-02
2074,shavuot,ו' סיוון,2074-06-01
2074,rosh_hashana_1,א' תשרי,2074-09-22
2074,rosh_hashana_2,ב' תשרי,2074-09-23
2074,yom_kippur,י' תשרי,2074-10-01
2074,sukkot,"ט""ו תשרי",2074-10-06
2074,hoshana_raba,"כ""א תשרי",2074-10-12
2075,pesach,"ט""ו ניסן",2075-03-31
2075,pesach_7,"כ""א ניסן",2075-04-06
2075,yom_haatzmaut,ה' אייר,2075-04-18
2075,shavuot,ו' סיוון,2075-05-20
2075,rosh_hashana_1,א' תשרי,2075-09-10
2075,rosh_hashana_2,ב' תשרי,2075-09-11
2075,yom_kippur,י' תשרי,2075-09-19
2075,sukkot,"ט""ו תשרי",2075-09-24
2075,hoshana_raba,"כ""א תשרי",2075-09-30
2076,pesach,"ט""ו ניסן",2076-04-18
2076,pesach_7,"כ""א ניסן",2076-04-24
2076,yom_haatzmaut,ה' אייר,2076-05-07
2076,shavuot,ו' סיוון,2076-06-07
2076,rosh_hashana_1,א' תשרי,2076-09-28
2076,rosh_hashana_2,ב' תשרי,2076-09-29
2076,yom_kippur,י' תשרי,2076-10-07
2076,sukkot,"ט""ו תשרי",2076-10-12
2076,hoshana_raba,"כ""א תשרי",2076-10-18
2077,pesach,"ט""ו ניסן",2077-04-08
2077,pesach_7,"כ""א ניסן",2077-04-14
2077,yom_haatzmaut,ה' אייר,2077-04-28
2077,shavuot,ו' סיוון,2077-05-28
2077,rosh_hashana_1,א' תשרי,2077-09-18
2077,rosh_hashana_2,ב' תשרי,2077-09-19
2077,yom_kippur,י' תשרי,2077-09-27
2077,sukkot,"ט""ו תשרי",2077-10-02
2077,hoshana_raba,"כ""א תשרי",2077-10-08
2078,pesach,"ט""ו ניסן",2078-03-29
2078,pesach_7,"כ""א ניסן",2078-04-04
2078,yom_haatzmaut,ה' אייר,2078-04-19
2078,shavuot,ו' סיוון,2078-05-18
2078,rosh_hashana_1,א' תשרי,2078-09-08
2078,rosh_hashana_2,ב' תשרי,2078-09-09
2078,yom_kippur,י' תשרי,2078-09-17
2078,sukkot,"ט""ו תשרי",2078-09-22
2078,hoshana_raba,"כ""א תשרי",2078-09-28
2079,pesach,"ט""ו ניסן",2079-04-16
2079,pesach_7,"כ""א ניסן",2079-04-22
2079,yom_haatzmaut,ה' אייר,2079-05-04
2079,shavuot,ו' סיוון,2079-06-05
2079,rosh_hashana_1,א' תשרי,2079-09-26
2079,rosh_hashana_2,ב' תשרי,2079-09-27
2079,yom_kippur,י' תשרי,2079-10-05
2079,sukkot,"ט""ו תשרי",2079-10-10
2079,hoshana_raba,"כ""א תשרי",2079-10-16
2080,pesach,"ט""ו ניסן",2080-04-04
2080,pesach_7,"כ""א ניסן",2080-04-10
2080,yom_haatzmaut,ה' אייר,2080-04-24
2080,shavuot,ו' סיוון,2080-05-24
2080,rosh_hashana_1,א' תשרי,2080-09-14
2080,rosh_hashana_2,ב' תשרי,2080-09-15
2080,yom_kippur,י' תשרי,2080-09-23
2080,sukkot,"ט""ו תשרי",2080-09-28
2080,hoshana_raba,"כ""א תשרי",2080-10-04
2081,pesach,"ט""ו ניסן",2081-04-24
2081,pesach_7,"כ""א ניסן",2081-04-30
2081,yom_haatzmaut,ה' אייר,2081-05-14
2081,shavuot,ו' סיוון,2081-06-13
2081,rosh_hashana_1,א' תשרי,2081-10-04
2081,rosh_hashana_2,ב' תשרי,2081-10-05
2081,yom_kippur,י' תשרי,2081-10-13
2081,sukkot,"ט""ו תשרי",2081-10-18
2081,hoshana_raba,"כ""א תשרי",2081-10-24
2082,pesach,"ט""ו ניסן",2082-04-14
2082,pesach_7,"כ""א ניסן",2082-04-20
2082,yom_haatzmaut,ה' אייר,2082-05-05
2082,shavuot,ו' סיוון,2082-06-03
2082,rosh_hashana_1,א' תשרי,2082-09-24
2082,rosh_hashana_2,ב' תשרי,2082-09-25
2082,yom_kippur,י' תשרי,2082-10-03
2082,sukkot,"ט""ו תשרי",2082-10-08
2082,hoshana_raba,"כ""א תשרי",2082-10-14
2083,pesach,"ט""ו ניסן",2083-04-03
2083,pesach_7,"כ""א ניסן",2083-04-09
2083,yom_haatzmaut,ה' אייר,2083-04-22
2083,shavuot,ו' סיוון,2083-05-23
2083,rosh_hashana_1,א' תשרי,2083-09-13
2083,rosh_hashana_2,ב' תשרי,2083-09-14
2083,yom_kippur,י' תשרי,2083-09-22
2083,sukkot,"ט""ו תשרי",2083-09-27
2083,hoshana_raba,"כ""א תשרי",2083-10-03
2084,pesach,"ט""ו ניסן",2084-04-20
2084,pesach_7,"כ""א ניסן",2084-04-26
2084,yom_haatzmaut,ה' אייר,2084-05-10
2084,shavuot,ו' סיוון,2084-06-09
2084,rosh_hashana_1,א' תשרי,2084-09-30
2084,rosh_hashana_2,ב' תשרי,2084-10-01
2084,yom_kippur,י' תשרי,2084-10-09
2084,sukkot,"ט""ו תשרי",2084-10-14
2084,hoshana_raba,"כ""א תשרי",2084-10-20
2085,pesach,"ט""ו ניסן",2085-04-10
2085,pesach_7,"כ""א ניסן",2085-04-16
2085,yom_haatzmaut,ה' אייר,2085-05-01
2085,shavuot,ו' סיוון,2085-05-30
2085,rosh_hashana_1,א' תשרי,2085-09-20
2085,rosh_hashana_2,ב' תשרי,2085-09-21
2085,yom_kippur,י' תשרי,2085-09-29
2085,sukkot,"ט""ו תשרי",2085-10-04
2085,hoshana_raba,"כ""א תשרי",2085-10-10
2086,pesach,"ט""ו ניסן",2086-03-30
2086,pesach_7,"כ""א ניסן",2086-04-05
2086,yom_haatzmaut,ה' אייר,2086-04-18
2086,shavuot,ו' סיוון,2086-05-19
2086,rosh_hashana_1,א' תשרי,2086-09-09
2086,rosh_hashana_2,ב' תשרי,2086-09-10
2086,yom_kippur,י' תשרי,2086-09-18
2086,sukkot,"ט""ו תשרי",2086-09-23
2086,hoshana_raba,"כ""א תשרי",2086-09-29
2087,pesach,"ט""ו ניסן",2087-04-17
2087,pesach_7,"כ""א ניסן",2087-04-23
2087,yom_haatzmaut,ה' אייר,2087-05-07
2087,shavuot,ו' סיוון,2087-06-06
2087,rosh_hashana_1,א' תשרי,2087-09-27
2087,rosh_hashana_2,ב' תשרי,2087-09-28
2087,yom_kippur,י' תשרי,2087-10-06
2087,sukkot,"ט""ו תשרי",2087-10-11
2087,hoshana_raba,"כ""א תשרי",2087-10-17
2088,pesach,"ט""ו ניסן",2088-04-06
2088,pesach_7,"כ""א ניסן",2088-04-12
2088,yom_haatzmaut,ה' אייר,2088-04-27
2088,shavuot,ו' סיוון,2088-05-26
2088,rosh_hashana_1,א' תשרי,2088-09-16
2088,rosh_hashana_2,ב' תשרי,2088-09-17
2088,yom_kippur,י' תשרי,2088-09-25
2088,sukkot,"ט""ו תשרי",2088-09-30
2088,hoshana_raba,"כ""א תשרי",2088-10-06
2089,pesach,"ט""ו ניסן",2089-03-26
2089,pesach_7,"כ""א ניסן",2089-04-01
2089,yom_haatzmaut,ה' אייר,2089-04-14
2089,shavuot,ו' סיוון,2089-05-15
2089,rosh_hashana_1,א' תשרי,2089-09-05
2089,rosh_hashana_2,ב' תשרי,2089-09-06
2089,yom_kippur,י' תשרי,2089-09-14
2089,sukkot,"ט""ו תשרי",2089-09-19
2089,hoshana_raba,"כ""א תשרי",2089-09-25
2090,pesach,"ט""ו ניסן",2090-04-15
2090,pesach_7,"כ""א ניסן",2090-04-21
2090,yom_haatzmaut,ה' אייר,2090-05-04
2090,shavuot,ו' סיוון,2090-06-04
2090,rosh_hashana_1,א' תשרי,2090-09-25
2090,rosh_hashana_2,ב' תשרי,2090-09-26
2090,yom_kippur,י' תשרי,2090-10-04
2090,sukkot,"ט""ו תשרי",2090-10-09
2090,hoshana_raba,"כ""א תשרי",2090-10-15
2091,pesach,"ט""ו ניסן",2091-04-03
2091,pesach_7,"כ""א ניסן",2091-04-09
2091,yom_haatzmaut,ה' אייר,2091-04-24
2091,shavuot,ו' סיוון,2091-05-23
2091,rosh_hashana_1,א' תשרי,2091-09-13
2091,rosh_hashana_2,ב' תשרי,2091-09-14
2091,yom_kippur,י' תשרי,2091-09-22
2091,sukkot,"ט""ו תשרי",2091-09-27
2091,hoshana_raba,"כ""א תשרי",2091-10-03
2092,pesach,"ט""ו ניסן",2092-04-22
2092,pesach_7,"כ""א ניסן",2092-04-28
2092,yom_haatzmaut,ה' אייר,2092-05-13
2092,shavuot,ו' סיוון,2092-06-11
2092,rosh_hashana_1,א' תשרי,2092-10-02
2092,rosh_hashana_2,ב' תשרי,2092-10-03
2092,yom_kippur,י' תשרי,2092-10-11
2092,sukkot,"ט""ו תשרי",2092-10-16
2092,hoshana_raba,"כ""א תשרי",2092-10-22
2093,pesach,"ט""ו ניסן",2093-04-11
2093,pesach_7,"כ""א ניסן",2093-04-17
2093,yom_haatzmaut,ה' אייר,2093-04-30
2093,shavuot,ו' סיוון,2093-05-31
2093,rosh_hashana_1,א' תשרי,2093-09-21
2093,rosh_hashana_2,ב' תשרי,2093-09-22
2093,yom_kippur,י' תשרי,2093-09-30
2093,sukkot,"ט""ו תשרי",2093-10-05
2093,hoshana_raba,"כ""א תשרי",2093-10-11
2094,pesach,"ט""ו ניסן",2094-04-01
2094,pesach_7,"כ""א ניסן",2094-04-07
2094,yom_haatzmaut,ה' אייר,2094-04-21
2094,shavuot,ו' סיוון,2094-05-21
2094,rosh_hashana_1,א' תשרי,2094-09-11
2094,rosh_hashana_2,ב' תשרי,2094-09-12
2094,yom_kippur,י' תשרי,2094-09-20
2094,sukkot,"ט""ו תשרי",2094-09-25
2094,hoshana_raba,"כ""א תשרי",2094-10-01
2095,pesach,"ט""ו ניסן",2095-04-19
2095,pesach_7,"כ""א ניסן",2095-04-25
2095,yom_haatzmaut,ה' אייר,2095-05-10
2095,shavuot,ו' סיוון,2095-06-08
2095,rosh_hashana_1,א' תשרי,2095-09-29
2095,rosh_hashana_2,ב' תשרי,2095-09-30
2095,yom_kippur,י' תשרי,2095-10-08
2095,sukkot,"ט""ו תשרי",2095-10-13
2095,hoshana_raba,"כ""א תשרי",2095-10-19
2096,pesach,"ט""ו ניסן",2096-04-07
2096,pesach_7,"כ""א ניסן",2096-04-13
2096,yom_haatzmaut,ה' אייר,2096-04-26
2096,shavuot,ו' סיוון,2096-05-27
2096,rosh_hashana_1,א' תשרי,2096-09-17
2096,rosh_hashana_2,ב' תשרי,2096-09-18
2096,yom_kippur,י' תשרי,2096-09-26
2096,sukkot,"ט""ו תשרי",2096-10-01
2096,hoshana_raba,"כ""א תשרי",2096-10-07
2097,pesach,"ט""ו ניסן",2097-03-28
2097,pesach_7,"כ""א ניסן",2097-04-03
2097,yom_haatzmaut,ה' אייר,2097-04-17
2097,shavuot,ו' סיוון,2097-05-17
2097,rosh_hashana_1,א' תשרי,2097-09-07
2097,rosh_hashana_2,ב' תשרי,2097-09-08
2097,yom_kippur,י' תשרי,2097-09-16
2097,sukkot,"ט""ו תשרי",2097-09-21
2097,hoshana_raba,"כ""א תשרי",2097-09-27
2098,pesach,"ט""ו ניסן",2098-04-17
2098,pesach_7,"כ""א ניסן",2098-04-23
2098,yom_haatzmaut,ה' אייר,2098-05-07
2098,shavuot,ו' סיוון,2098-06-06
2098,rosh_hashana_1,א' תשרי,2098-09-27
2098,rosh_hashana_2,ב' תשרי,2098-09-28
2098,yom_kippur,י' תשרי,2098-10-06
2098,sukkot,"ט""ו תשרי",2098-10-11
2098,hoshana_raba,"כ""א תשרי",2098-10-17
2099,pesach,"ט""ו ניסן",2099-04-05
2099,pesach_7,"כ""א ניסן",2099-04-11
2099,yom_haatzmaut,ה' אייר,2099-04-23
2099,shavuot,ו' סיוון,2099-05-25
2099,rosh_hashana_1,א' תשרי,2099-09-15
2099,rosh_hashana_2,ב' תשרי,2099-09-16
2099,yom_kippur,י' תשרי,2099-09-24
2099,sukkot,"ט""ו תשרי",2099-09-29
2099,hoshana_raba,"כ""א תשרי",2099-10-05
2100,pesach,"ט""ו ניסן",2100-04-24
2100,pesach_7,"כ""א ניסן",2100-04-30
2100,yom_haatzmaut,ה' אייר,2100-05-13
2100,shavuot,ו' סיוון,2100-06-13
2100,rosh_hashana_1,א' תשרי,2100-10-04
2100,rosh_hashana_2,ב' תשרי,2100-10-05
2100,yom_kippur,י' תשרי,2100-10-13
2100,sukkot,"ט""ו תשרי",2100-10-18
2100,hoshana_raba,"כ""א תשרי",2100-10-24
2101,pesach,"ט""ו ניסן",2101-04-14
2101,pesach_7,"כ""א ניסן",2101-04-20
2101,yom_haatzmaut,ה' אייר,2101-05-04
2101,shavuot,ו' סיוון,2101-06-03
2101,rosh_hashana_1,א' תשרי,2101-09-24
2101,rosh_hashana_2,ב' תשרי,2101-09-25
2101,yom_kippur,י' תשרי,2101-10-03
2101,sukkot,"ט""ו תשרי",2101-10-08
2101,hoshana_raba,"כ""א תשרי",2101-10-14
2102,pesach,"ט""ו ניסן",2102-04-04
2102,pesach_7,"כ""א ניסן",2102-04-10
2102,yom_haatzmaut,ה' אייר,2102-04-25
2102,shavuot,ו' סיוון,2102-05-24
2102,rosh_hashana_1,א' תשרי,2102-09-14
2102,rosh_hashana_2,ב' תשרי,2102-09-15
2102,yom_kippur,י' תשרי,2102-09-23
2102,sukkot,"ט""ו תשרי",2102-09-28
2102,hoshana_raba,"כ""א תשרי",2102-10-04
2103,pesach,"ט""ו ניסן",2103-04-22
2103,pesach_7,"כ""א ניסן",2103-04-28
2103,yom_haatzmaut,ה' אייר,2103-05-10
2103,shavuot,ו' סיוון,2103-06-11
2103,rosh_hashana_1,א' תשרי,2103-10-02
2103,rosh_hashana_2,ב' תשרי,2103-10-03
2103,yom_kippur,י' תשרי,2103-10-11
2103,sukkot,"ט""ו תשרי",2103-10-16
2103,hoshana_raba,"כ""א תשרי",2103-10-22
2104,pesach,"ט""ו ניסן",2104-04-10
2104,pesach_7,"כ""א ניסן",2104-04-16
2104,yom_haatzmaut,ה' אייר,2104-04-30
2104,shavuot,ו' סיוון,2104-05-30
2104,rosh_hashana_1,א' תשרי,2104-09-20
2104,rosh_hashana_2,ב' תשרי,2104-09-21
2104,yom_kippur,י' תשרי,2104-09-29
2104,sukkot,"ט""ו תשרי",2104-10-04
2104,hoshana_raba,"כ""א תשרי",2104-10-10
2105,pesach,"ט""ו ניסן",2105-03-31
2105,pesach_7,"כ""א ניסן",2105-04-06
2105,yom_haatzmaut,ה' אייר,2105-04-21
2105,shavuot,ו' סיוון,2105-05-20
2105,rosh_hashana_1,א' תשרי,2105-09-10
2105,rosh_hashana_2,ב' תשרי,2105-09-11
2105,yom_kippur,י' תשרי,2105-09-19
2105,sukkot,"ט""ו תשרי",2105-09-24
2105,hoshana_raba,"כ""א תשרי",2105-09-30
2106,pesach,"ט""ו ניסן",2106-04-20
2106,pesach_7,"כ""א ניסן",2106-04-26
2106,yom_haatzmaut,ה' אייר,2106-05-11
2106,shavuot,ו' סיוון,2106-06-09
2106,rosh_hashana_1,א' תשרי,2106-09-30
2106,rosh_hashana_2,ב' תשרי,2106-10-01
2106,yom_kippur,י' תשרי,2106-10-09
2106,sukkot,"ט""ו תשרי",2106-10-14
2106,hoshana_raba,"כ""א תשרי",2106-10-20
2107,pesach,"ט""ו ניסן",2107-04-09
2107,pesach_7,"כ""א ניסן",2107-04-15
2107,yom_haatzmaut,ה' אייר,2107-04-28
2107,shavuot,ו' סיוון,2107-05-29
2107,rosh_hashana_1,א' תשרי,2107-09-19
2107,rosh_hashana_2,ב' תשרי,2107-09-20
2107,yom_kippur,י' תשרי,2107-09-28
2107,sukkot,"ט""ו תשרי",2107-10-03
2107,hoshana_raba,"כ""א תשרי",2107-10-09
2108,pesach,"ט""ו ניסן",2108-03-27
2108,pesach_7,"כ""א ניסן",2108-04-02
2108,yom_haatzmaut,ה' אייר,2108-04-17
2108,shavuot,ו' סיוון,2108-05-16
2108,rosh_hashana_1,א' תשרי,2108-09-06
2108,rosh_hashana_2,ב' תשרי,2108-09-07
2108,yom_kippur,י' תשרי,2108-09-15
2108,sukkot,"ט""ו תשרי",2108-09-20
2108,hoshana_raba,"כ""א תשרי",2108-09-26
2109,pesach,"ט""ו ניסן",2109-04-16
2109,pesach_7,"כ""א ניסן",2109-04-22
2109,yom_haatzmaut,ה' אייר,2109-05-07
2109,shavuot,ו' סיוון,2109-06-05
2109,rosh_hashana_1,א' תשרי,2109-09-26
2109,rosh_hashana_2,ב' תשרי,2109-09-27
2109,yom_kippur,י' תשרי,2109-10-05
2109,sukkot,"ט""ו תשרי",2109-10-10
2109,hoshana_raba,"כ""א תשרי",2109-10-16
2110,pesach,"ט""ו ניסן",2110-04-05
2110,pesach_7,"כ""א ניסן",2110-04-11
2110,yom_haatzmaut,ה' אייר,2110-04-24
2110,shavuot,ו' סיוון,2110-05-25
2110,rosh_hashana_1,א' תשרי,2110-09-15
2110,rosh_hashana_2,ב' תשרי,2110-09-16
2110,yom_kippur,י' תשרי,2110-09-24
2110,sukkot,"ט""ו תשרי",2110-09-29
2110,hoshana_raba,"כ""א תשרי",2110-10-05
2111,pesach,"ט""ו ניסן",2111-04-23
2111,pesach_7,"כ""א ניסן",2111-04-29
2111,yom_haatzmaut,ה' אייר,2111-05-13
2111,shavuot,ו' סיוון,2111-06-12
2111,rosh_hashana_1,א' תשרי,2111-10-03
2111,rosh_hashana_2,ב' תשרי,2111-10-04
2111,yom_kippur,י' תשרי,2111-10-12
2111,sukkot,"ט""ו תשרי",2111-10-17
2111,hoshana_raba,"כ""א תשרי",2111-10-23
2112,pesach,"ט""ו ניסן",2112-04-12
2112,pesach_7,"כ""א ניסן",2112-04-18
2112,yom_haatzmaut,ה' אייר,2112-05-03
2112,shavuot,ו' סיוון,2112-06-01
2112,rosh_hashana_1,א' תשרי,2112-09-22
2112,rosh_hashana_2,ב' תשרי,2112-09-23
2112,yom_kippur,י' תשרי,2112-10-01
2112,sukkot,"ט""ו תשרי",2112-10-06
2112,hoshana_raba,"כ""א תשרי",2112-10-12
2113,pesach,"ט""ו ניסן",2113-04-01
2113,pesach_7,"כ""א ניסן",2113-04-07
2113,yom_haatzmaut,ה' אייר,2113-04-20
2113,shavuot,ו' סיוון,2113-05-21
2113,rosh_hashana_1,א' תשרי,2113-09-11
2113,rosh_hashana_2,ב' תשרי,2113-09-12
2113,yom_kippur,י' תשרי,2113-09-20
2113,sukkot,"ט""ו תשרי",2113-09-25
2113,hoshana_raba,"כ""א תשרי",2113-10-01
2114,pesach,"ט""ו ניסן",2114-04-21
2114,pesach_7,"כ""א ניסן",2114-04-27
2114,yom_haatzmaut,ה' אייר,2114-05-10
2114,shavuot,ו' סיוון,2114-06-10
2114,rosh_hashana_1,א' תשרי,2114-10-01
2114,rosh_hashana_2,ב' תשרי,2114-10-02
2114,yom_kippur,י' תשרי,2114-10-10
2114,sukkot,"ט""ו תשרי",2114-10-15
2114,hoshana_raba,"כ""א תשרי",2114-10-21
2115,pesach,"ט""ו ניסן",2115-04-09
2115,pesach_7,"כ""א ניסן",2115-04-15
2115,yom_haatzmaut,ה' אייר,2115-04-30
2115,shavuot,ו' סיוון,2115-05-29
2115,rosh_hashana_1,א' תשרי,2115-09-19
2115,rosh_hashana_2,ב' תשרי,2115-09-20
2115,yom_kippur,י' תשרי,2115-09-28
2115,sukkot,"ט""ו תשרי",2115-10-03
2115,hoshana_raba,"כ""א תשרי",2115-10-09
2116,pesach,"ט""ו ניסן",2116-03-28
2116,pesach_7,"כ""א ניסן",2116-04-03
2116,yom_haatzmaut,ה' אייר,2116-04-16
2116,shavuot,ו' סיוון,2116-05-17
2116,rosh_hashana_1,א' תשרי,2116-09-07
2116,rosh_hashana_2,ב' תשרי,2116-09-08
2116,yom_kippur,י' תשרי,2116-09-16
2116,sukkot,"ט""ו תשרי",2116-09-21
2116,hoshana_raba,"כ""א תשרי",2116-09-27
2117,pesach,"ט""ו ניסן",2117-04-17
2117,pesach_7,"כ""א ניסן",2117-04-23
2117,yom_haatzmaut,ה' אייר,2117-05-06
2117,shavuot,ו' סיוון,2117-06-06
2117,rosh_hashana_1,א' תשרי,2117-09-27
2117,rosh_hashana_2,ב' תשרי,2117-09-28
2117,yom_kippur,י' תשרי,2117-10-06
2117,sukkot,"ט""ו תשרי",2117-10-11
2117,hoshana_raba,"כ""א תשרי",2117-10-17
2118,pesach,"ט""ו ניסן",2118-04-07
2118,pesach_7,"כ""א ניסן",2118-04-13
2118,yom_haatzmaut,ה' אייר,2118-04-27
2118,shavuot,ו' סיוון,2118-05-27
2118,rosh_hashana_1,א' תשרי,2118-09-17
2118,rosh_hashana_2,ב' תשרי,2118-09-18
2118,yom_kippur,י' תשרי,2118-09-26
2118,sukkot,"ט""ו תשרי",2118-10-01
2118,hoshana_raba,"כ""א תשרי",2118-10-07
2119,pesach,"ט""ו ניסן",2119-04-25
2119,pesach_7,"כ""א ניסן",2119-05-01
2119,yom_haatzmaut,ה' אייר,2119-05-16
2119,shavuot,ו' סיוון,2119-06-14
2119,rosh_hashana_1,א' תשרי,2119-10-05
2119,rosh_hashana_2,ב' תשרי,2119-10-06
2119,yom_kippur,י' תשרי,2119-10-14
2119,sukkot,"ט""ו תשרי",2119-10-19
2119,hoshana_raba,"כ""א תשרי",2119-10-25
2120,pesach,"ט""ו ניסן",2120-04-13
2120,pesach_7,"כ""א ניסן",2120-04-19
2120,yom_haatzmaut,ה' אייר,2120-05-02
2120,shavuot,ו' סיוון,2120-06-02
2120,rosh_hashana_1,א' תשרי,2120-09-23
2120,rosh_hashana_2,ב' תשרי,2120-09-24
2120,yom_kippur,י' תשרי,2120-10-02
2120,sukkot,"ט""ו תשרי",2120-10-07
2120,hoshana_raba,"כ""א תשרי",2120-10-13
2121,pesach,"ט""ו ניסן",2121-04-03
2121,pesach_7,"כ""א ניסן",2121-04-09
2121,yom_haatzmaut,ה' אייר,2121-04-23
2121,shavuot,ו' סיוון,2121-05-23
2121,rosh_hashana_1,א' תשרי,2121-09-13
2121,rosh_hashana_2,ב' תשרי,2121-09-14
2121,yom_kippur,י' תשרי,2121-09-22
2121,sukkot,"ט""ו תשרי",2121-09-27
2121,hoshana_raba,"כ""א תשרי",2121-10-03
2122,pesach,"ט""ו ניסן",2122-04-21
2122,pesach_7,"כ""א ניסן",2122-04-27
2122,yom_haatzmaut,ה' אייר,2122-05-12
2122,shavuot,ו' סיוון,2122-06-10
2122,rosh_hashana_1,א' תשרי,2122-10-01
2122,rosh_hashana_2,ב' תשרי,2122-10-02
2122,yom_kippur,י' תשרי,2122-10-10
2122,sukkot,"ט""ו תשרי",2122-10-15
2122,hoshana_raba,"כ""א תשרי",2122-10-21
2123,pesach,"ט""ו ניסן",2123-04-11
2123,pesach_7,"כ""א ניסן",2123-04-17
2123,yom_haatzmaut,ה' אייר,2123-04-29
2123,shavuot,ו' סיוון,2123-05-31
2123,rosh_hashana_1,א' תשרי,2123-09-21
2123,rosh_hashana_2,ב' תשרי,2123-09-22
2123,yom_kippur,י' תשרי,2123-09-30
2123,sukkot,"ט""ו תשרי",2123-10-05
2123,hoshana_raba,"כ""א תשרי",2123-10-11
2124,pesach,"ט""ו ניסן",2124-03-30
2124,pesach_7,"כ""א ניסן",2124-04-05
2124,yom_haatzmaut,ה' אייר,2124-04-19
2124,shavuot,ו' סיוון,2124-05-19
2124,rosh_hashana_1,א' תשרי,2124-09-09
2124,rosh_hashana_2,ב' תשרי,2124-09-10
2124,yom_kippur,י' תשרי,2124-09-18
2124,sukkot,"ט""ו תשרי",2124-09-23
2124,hoshana_raba,"כ""א תשרי",2124-09-29
2125,pesach,"ט""ו ניסן",2125-04-19
2125,pesach_7,"כ""א ניסן",2125-04-25
2125,yom_haatzmaut,ה' אייר,2125-05-09
2125,shavuot,ו' סיוון,2125-06-08
2125,rosh_hashana_1,א' תשרי,2125-09-29
2125,rosh_hashana_2,ב' תשרי,2125-09-30
2125,yom_kippur,י' תשרי,2125-10-08
2125,sukkot,"ט""ו תשרי",2125-10-13
2125,hoshana_raba,"כ""א תשרי",2125-10-19
2126,pesach,"ט""ו ניסן",2126-04-09
2126,pesach_7,"כ""א ניסן",2126-04-15
2126,yom_haatzmaut,ה' אייר,2126-04-30
2126,shavuot,ו' סיוון,2126-05-29
2126,rosh_hashana_1,א' תשרי,2126-09-19
2126,rosh_hashana_2,ב' תשרי,2126-09-20
2126,yom_kippur,י' תשרי,2126-09-28
2126,sukkot,"ט""ו תשרי",2126-10-03
2126,hoshana_raba,"כ""א תשרי",2126-10-09
2127,pesach,"ט""ו ניסן",2127-03-29
2127,pesach_7,"כ""א ניסן",2127-04-04
2127,yom_haatzmaut,ה' אייר,2127-04-17
2127,shavuot,ו' סיוון,2127-05-18
2127,rosh_hashana_1,א' תשרי,2127-09-08
2127,rosh_hashana_2,ב' תשרי,2127-09-09
2127,yom_kippur,י' תשרי,2127-09-17
2127,sukkot,"ט""ו תשרי",2127-09-22
2127,hoshana_raba,"כ""א תשרי",2127-09-28
2128,pesach,"ט""ו ניסן",2128-04-15
2128,pesach_7,"כ""א ניסן",2128-04-21
2128,yom_haatzmaut,ה' אייר,2128-05-05
2128,shavuot,ו' סיוון,2128-06-04
2128,rosh_hashana_1,א' תשרי,2128-09-25
2128,rosh_hashana_2,ב' תשרי,2128-09-26
2128,yom_kippur,י' תשרי,2128-10-04
2128,sukkot,"ט""ו תשרי",2128-10-09
2128,hoshana_raba,"כ""א תשרי",2128-10-15
2129,pesach,"ט""ו ניסן",2129-04-05
2129,pesach_7,"כ""א ניסן",2129-04-11
2129,yom_haatzmaut,ה' אייר,2129-04-26
2129,shavuot,ו' סיוון,2129-05-25
2129,rosh_hashana_1,א' תשרי,2129-09-15
2129,rosh_hashana_2,ב' תשרי,2129-09-16
2129,yom_kippur,י' תשרי,2129-09-24
2129,sukkot,"ט""ו תשרי",2129-09-29
2129,hoshana_raba,"כ""א תשרי",2129-10-05
2130,pesach,"ט""ו ניסן",2130-04-23
2130,pesach_7,"כ""א ניסן",2130-04-29
2130,yom_haatzmaut,ה' אייר,2130-05-11
2130,shavuot,ו' סיוון,2130-06-12
2130,rosh_hashana_1,א' תשרי,2130-10-03
2130,rosh_hashana_2,ב' תשרי,2130-10-04
2130,yom_kippur,י' תשרי,2130-10-12
2130,sukkot,"ט""ו תשרי",2130-10-17
2130,hoshana_raba,"כ""א תשרי",2130-10-23
2131,pesach,"ט""ו ניסן",2131-04-12
2131,pesach_7,"כ""א ניסן",2131-04-18
2131,yom_haatzmaut,ה' אייר,2131-05-02
2131,shavuot,ו' סיוון,2131-06-01
2131,rosh_hashana_1,א' תשרי,2131-09-22
2131,rosh_hashana_2,ב' תשרי,2131-09-23
2131,yom_kippur,י' תשרי,2131-10-01
2131,sukkot,"ט""ו תשרי",2131-10-06
2131,hoshana_raba,"כ""א תשרי",2131-10-12
2132,pesach,"ט""ו ניסן",2132-04-01
2132,pesach_7,"כ""א ניסן",2132-04-07
2132,yom_haatzmaut,ה' אייר,2132-04-22
2132,shavuot,ו' סיוון,2132-05-21
2132,rosh_hashana_1,א' תשרי,2132-09-11
2132,rosh_hashana_2,ב' תשרי,2132-09-12
2132,yom_kippur,י' תשרי,2132-09-20
2132,sukkot,"ט""ו תשרי",2132-09-25
2132,hoshana_raba,"כ""א תשרי",2132-10-01
2133,pesach,"ט""ו ניסן",2133-04-21
2133,pesach_7,"כ""א ניסן",2133-04-27
2133,yom_haatzmaut,ה' אייר,2133-05-12
2133,shavuot,ו' סיוון,2133-06-10
2133,rosh_hashana_1,א' תשרי,2133-10-01
2133,rosh_hashana_2,ב' תשרי,2133-10-02
2133,yom_kippur,י' תשרי,2133-10-10
2133,sukkot,"ט""ו תשרי",2133-10-15
2133,hoshana_raba,"כ""א תשרי",2133-10-21
2134,pesach,"ט""ו ניסן",2134-04-10
2134,pesach_7,"כ""א ניסן",2134-04-16
2134,yom_haatzmaut,ה' אייר,2134-04-29
2134,shavuot,ו' סיוון,2134-05-30
2134,rosh_hashana_1,א' תשרי,2134-09-20
2134,rosh_hashana_2,ב' תשרי,2134-09-21
2134,yom_kippur,י' תשרי,2134-09-29
2134,sukkot,"ט""ו תשרי",2134-10-04
2134,hoshana_raba,"כ""א תשרי",2134-10-10
2135,pesach,"ט""ו ניסן",2135-03-29
2135,pesach_7,"כ""א ניסן",2135-04-04
2135,yom_haatzmaut,ה' אייר,2135-04-19
2135,shavuot,ו' סיוון,2135-05-18
2135,rosh_hashana_1,א' תשרי,2135-09-08
2135,rosh_hashana_2,ב' תשרי,2135-09-09
2135,yom_kippur,י' תשרי,2135-09-17
2135,sukkot,"ט""ו תשרי",2135-09-22
2135,hoshana_raba,"כ""א תשרי",2135-09-28
2136,pesach,"ט""ו ניסן",2136-04-17
2136,pesach_7,"כ""א ניסן",2136-04-23
2136,yom_haatzmaut,ה' אייר,2136-05-08
2136,shavuot,ו' סיוון,2136-06-06
2136,rosh_hashana_1,א' תשרי,2136-09-27
2136,rosh_hashana_2,ב' תשרי,2136-09-28
2136,yom_kippur,י' תשרי,2136-10-06
2136,sukkot,"ט""ו תשרי",2136-10-11
2136,hoshana_raba,"כ""א תשרי",2136-10-17
2137,pesach,"ט""ו ניסן",2137-04-06
2137,pesach_7,"כ""א ניסן",2137-04-12
2137,yom_haatzmaut,ה' אייר,2137-04-25
2137,shavuot,ו' סיוון,2137-05-26
2137,rosh_hashana_1,א' תשרי,2137-09-16
2137,rosh_hashana_2,ב' תשרי,2137-09-17
2137,yom_kippur,י' תשרי,2137-09-25
2137,sukkot,"ט""ו תשרי",2137-09-30
2137,hoshana_raba,"כ""א תשרי",2137-10-06
2138,pesach,"ט""ו ניסן",2138-04-24
2138,pesach_7,"כ""א ניסן",2138-04-30
2138,yom_haatzmaut,ה' אייר,2138-05-14
2138,shavuot,ו' סיוון,2138-06-13
2138,rosh_hashana_1,א' תשרי,2138-10-04
2138,rosh_hashana_2,ב' תשרי,2138-10-05
2138,yom_kippur,י' תשרי,2138-10-13
2138,sukkot,"ט""ו תשרי",2138-10-18
2138,hoshana_raba,"כ""א תשרי",2138-10-24
2139,pesach,"ט""ו ניסן",2139-04-14
2139,pesach_7,"כ""א ניסן",2139-04-20
2139,yom_haatzmaut,ה' אייר,2139-05-05
2139,shavuot,ו' סיוון,2139-06-03
2139,rosh_hashana_1,א' תשרי,2139-09-24
2139,rosh_hashana_2,ב' תשרי,2139-09-25
2139,yom_kippur,י' תשרי,2139-10-03
2139,sukkot,"ט""ו תשרי",2139-10-08
2139,hoshana_raba,"כ""א תשרי",2139-10-14
2140,pesach,"ט""ו ניסן",2140-04-02
2140,pesach_7,"כ""א ניסן",2140-04-08
2140,yom_haatzmaut,ה' אייר,2140-04-21
2140,shavuot,ו' סיוון,2140-05-22
2140,rosh_hashana_1,א' תשרי,2140-09-12
2140,rosh_hashana_2,ב' תשרי,2140-09-13
2140,yom_kippur,י' תשרי,2140-09-21
2140,sukkot,"ט""ו תשרי",2140-09-26
2140,hoshana_raba,"כ""א תשרי",2140-10-02
2141,pesach,"ט""ו ניסן",2141-04-22
2141,pesach_7,"כ""א ניסן",2141-04-28
2141,yom_haatzmaut,ה' אייר,2141-05-11
2141,shavuot,ו' סיוון,2141-06-11
2141,rosh_hashana_1,א' תשרי,2141-10-02
2141,rosh_hashana_2,ב' תשרי,2141-10-03
2141,yom_kippur,י' תשרי,2141-10-11
2141,sukkot,"ט""ו תשרי",2141-10-16
2141,hoshana_raba,"כ""א תשרי",2141-10-22
2142,pesach,"ט""ו ניסן",2142-04-10
2142,pesach_7,"כ""א ניסן",2142-04-16
2142,yom_haatzmaut,ה' אייר,2142-05-01
2142,shavuot,ו' סיוון,2142-05-30
2142,rosh_hashana_1,א' תשרי,2142-09-20
2142,rosh_hashana_2,ב' תשרי,2142-09-21
2142,yom_kippur,י' תשרי,2142-09-29
2142,sukkot,"ט""ו תשרי",2142-10-04
2142,hoshana_raba,"כ""א תשרי",2142-10-10
2143,pesach,"ט""ו ניסן",2143-03-31
2143,pesach_7,"כ""א ניסן",2143-04-06
2143,yom_haatzmaut,ה' אייר,2143-04-18
2143,shavuot,ו' סיוון,2143-05-20
2143,rosh_hashana_1,א' תשרי,2143-09-10
2143,rosh_hashana_2,ב' תשרי,2143-09-11
2143,yom_kippur,י' תשרי,2143-09-19
2143,sukkot,"ט""ו תשרי",2143-09-24
2143,hoshana_raba,"כ""א תשרי",2143-09-30
2144,pesach,"ט""ו ניסן",2144-04-18
2144,pesach_7,"כ""א ניסן",2144-04-24
2144,yom_haatzmaut,ה' אייר,2144-05-07
2144,shavuot,ו' סיוון,2144-06-07
2144,rosh_hashana_1,א' תשרי,2144-09-28
2144,rosh_hashana_2,ב' תשרי,2144-09-29
2144,yom_kippur,י' תשרי,2144-10-07
2144,sukkot,"ט""ו תשרי",2144-10-12
2144,hoshana_raba,"כ""א תשרי",2144-10-18
2145,pesach,"ט""ו ניסן",2145-04-08
2145,pesach_7,"כ""א ניסן",2145-04-14
2145,yom_haatzmaut,ה' אייר,2145-04-28
2145,shavuot,ו' סיוון,2145-05-28
2145,rosh_hashana_1,א' תשרי,2145-09-18
2145,rosh_hashana_2,ב' תשרי,2145-09-19
2145,yom_kippur,י' תשרי,2145-09-27
2145,sukkot,"ט""ו תשרי",2145-10-02
2145,hoshana_raba,"כ""א תשרי",2145-10-08
2146,pesach,"ט""ו ניסן",2146-03-27
2146,pesach_7,"כ""א ניסן",2146-04-02
2146,yom_haatzmaut,ה' אייר,2146-04-14
2146,shavuot,ו' סיוון,2146-05-16
2146,rosh_hashana_1,א' תשרי,2146-09-06
2146,rosh_hashana_2,ב' תשרי,2146-09-07
2146,yom_kippur,י' תשרי,2146-09-15
2146,sukkot,"ט""ו תשרי",2146-09-20
2146,hoshana_raba,"כ""א תשרי",2146-09-26
2147,pesach,"ט""ו ניסן",2147-04-15
2147,pesach_7,"כ""א ניסן",2147-04-21
2147,yom_haatzmaut,ה' אייר,2147-05-04
2147,shavuot,ו' סיוון,2147-06-04
2147,rosh_hashana_1,א' תשרי,2147-09-25
2147,rosh_hashana_2,ב' תשרי,2147-09-26
2147,yom_kippur,י' תשרי,2147-10-04
2147,sukkot,"ט""ו תשרי",2147-10-09
2147,hoshana_raba,"כ""א תשרי",2147-10-15
2148,pesach,"ט""ו ניסן",2148-04-04
2148,pesach_7,"כ""א ניסן",2148-04-10
2148,yom_haatzmaut,ה' אייר,2148-04-24
2148,shavuot,ו' סיוון,2148-05-24
2148,rosh_hashana_1,א' תשרי,2148-09-14
2148,rosh_hashana_2,ב' תשרי,2148-09-15
2148,yom_kippur,י' תשרי,2148-09-23
2148,sukkot,"ט""ו תשרי",2148-09-28
2148,hoshana_raba,"כ""א תשרי",2148-10-04
